--------------------------------------------------------
--  File created - Monday-May-06-2024   
--------------------------------------------------------
--------------------------------------------------------
--  DDL for Sequence ACCOUNTS_ID_SEQUENCE
--------------------------------------------------------

   CREATE SEQUENCE  "KAPEKWENTO"."ACCOUNTS_ID_SEQUENCE"  MINVALUE 1 MAXVALUE 9999999999999999999999999999 INCREMENT BY 1 START WITH 63 CACHE 20 NOORDER  NOCYCLE ;
--------------------------------------------------------
--  DDL for Sequence EXPENSES_ID_SEQ
--------------------------------------------------------

   CREATE SEQUENCE  "KAPEKWENTO"."EXPENSES_ID_SEQ"  MINVALUE 1 MAXVALUE 9999999999999999999999999999 INCREMENT BY 1 START WITH 401 CACHE 20 NOORDER  NOCYCLE ;
--------------------------------------------------------
--  DDL for Sequence INGREDIENT_ID_SEQ
--------------------------------------------------------

   CREATE SEQUENCE  "KAPEKWENTO"."INGREDIENT_ID_SEQ"  MINVALUE 1 MAXVALUE 9999999999999999999999999999 INCREMENT BY 1 START WITH 282 CACHE 20 NOORDER  NOCYCLE ;
--------------------------------------------------------
--  DDL for Sequence LOG_ID_SEQ
--------------------------------------------------------

   CREATE SEQUENCE  "KAPEKWENTO"."LOG_ID_SEQ"  MINVALUE 1 MAXVALUE 9999999999999999999999999999 INCREMENT BY 1 START WITH 2342 CACHE 20 NOORDER  NOCYCLE ;
--------------------------------------------------------
--  DDL for Sequence LOSSDMG_ID_SEQ
--------------------------------------------------------

   CREATE SEQUENCE  "KAPEKWENTO"."LOSSDMG_ID_SEQ"  MINVALUE 1 MAXVALUE 9999999999999999999999999999 INCREMENT BY 1 START WITH 281 CACHE 20 NOORDER  NOCYCLE ;
--------------------------------------------------------
--  DDL for Sequence PRODUCT_ID_SEQ
--------------------------------------------------------

   CREATE SEQUENCE  "KAPEKWENTO"."PRODUCT_ID_SEQ"  MINVALUE 1 MAXVALUE 9999999999999999999999999999 INCREMENT BY 1 START WITH 139 CACHE 20 NOORDER  NOCYCLE ;
--------------------------------------------------------
--  DDL for Sequence RAW_ID_SEQ
--------------------------------------------------------

   CREATE SEQUENCE  "KAPEKWENTO"."RAW_ID_SEQ"  MINVALUE 1 MAXVALUE 9999999999999999999999999999 INCREMENT BY 1 START WITH 195 CACHE 20 NOORDER  NOCYCLE ;
--------------------------------------------------------
--  DDL for Sequence RAW_LOG_ID_SEQ
--------------------------------------------------------

   CREATE SEQUENCE  "KAPEKWENTO"."RAW_LOG_ID_SEQ"  MINVALUE 1 MAXVALUE 9999999999999999999999999999 INCREMENT BY 1 START WITH 361 CACHE 20 NOORDER  NOCYCLE ;
--------------------------------------------------------
--  DDL for Sequence TRANSACTION_ID_SEQ
--------------------------------------------------------

   CREATE SEQUENCE  "KAPEKWENTO"."TRANSACTION_ID_SEQ"  MINVALUE 1 MAXVALUE 9999999999999999999999999999 INCREMENT BY 1 START WITH 521 CACHE 20 NOORDER  NOCYCLE ;
--------------------------------------------------------
--  DDL for Table ACCOUNTS
--------------------------------------------------------

  CREATE TABLE "KAPEKWENTO"."ACCOUNTS" 
   (	"ACCOUNT_ID" NUMBER(*,0), 
	"USERNAME" VARCHAR2(50 BYTE), 
	"PASSWORD" VARCHAR2(50 BYTE), 
	"USER_LEVEL" VARCHAR2(50 BYTE), 
	"FIRST_NAME" VARCHAR2(50 BYTE), 
	"LAST_NAME" VARCHAR2(50 BYTE)
   ) SEGMENT CREATION IMMEDIATE 
  PCTFREE 10 PCTUSED 40 INITRANS 1 MAXTRANS 255 NOCOMPRESS LOGGING
  STORAGE(INITIAL 65536 NEXT 1048576 MINEXTENTS 1 MAXEXTENTS 2147483645
  PCTINCREASE 0 FREELISTS 1 FREELIST GROUPS 1 BUFFER_POOL DEFAULT FLASH_CACHE DEFAULT CELL_FLASH_CACHE DEFAULT)
  TABLESPACE "SYSTEM" ;
--------------------------------------------------------
--  DDL for Table EXPENSES
--------------------------------------------------------

  CREATE TABLE "KAPEKWENTO"."EXPENSES" 
   (	"EXPENSES_ID" NUMBER(*,0), 
	"RAW_NAME" VARCHAR2(50 BYTE), 
	"QUANTITY" NUMBER, 
	"MEASURE" VARCHAR2(50 BYTE), 
	"TOTAL_EXPENSES" NUMBER, 
	"EXPENSES_DATE" VARCHAR2(50 BYTE)
   ) SEGMENT CREATION IMMEDIATE 
  PCTFREE 10 PCTUSED 40 INITRANS 1 MAXTRANS 255 NOCOMPRESS LOGGING
  STORAGE(INITIAL 65536 NEXT 1048576 MINEXTENTS 1 MAXEXTENTS 2147483645
  PCTINCREASE 0 FREELISTS 1 FREELIST GROUPS 1 BUFFER_POOL DEFAULT FLASH_CACHE DEFAULT CELL_FLASH_CACHE DEFAULT)
  TABLESPACE "SYSTEM" ;
--------------------------------------------------------
--  DDL for Table LOGS
--------------------------------------------------------

  CREATE TABLE "KAPEKWENTO"."LOGS" 
   (	"LOG_ID" NUMBER(*,0), 
	"ACCOUNT_USER" VARCHAR2(20 BYTE), 
	"ACTION" VARCHAR2(50 BYTE), 
	"LOG_DATE" VARCHAR2(50 BYTE), 
	"LOG_TIME" VARCHAR2(50 BYTE)
   ) SEGMENT CREATION IMMEDIATE 
  PCTFREE 10 PCTUSED 40 INITRANS 1 MAXTRANS 255 NOCOMPRESS LOGGING
  STORAGE(INITIAL 65536 NEXT 1048576 MINEXTENTS 1 MAXEXTENTS 2147483645
  PCTINCREASE 0 FREELISTS 1 FREELIST GROUPS 1 BUFFER_POOL DEFAULT FLASH_CACHE DEFAULT CELL_FLASH_CACHE DEFAULT)
  TABLESPACE "SYSTEM" ;
--------------------------------------------------------
--  DDL for Table PRODUCTS
--------------------------------------------------------

  CREATE TABLE "KAPEKWENTO"."PRODUCTS" 
   (	"PRODUCT_ID" NUMBER(*,0), 
	"PRODUCT_NAME" VARCHAR2(50 BYTE), 
	"PRICE" NUMBER(*,0), 
	"CATEGORY" VARCHAR2(50 BYTE)
   ) SEGMENT CREATION IMMEDIATE 
  PCTFREE 10 PCTUSED 40 INITRANS 1 MAXTRANS 255 NOCOMPRESS LOGGING
  STORAGE(INITIAL 65536 NEXT 1048576 MINEXTENTS 1 MAXEXTENTS 2147483645
  PCTINCREASE 0 FREELISTS 1 FREELIST GROUPS 1 BUFFER_POOL DEFAULT FLASH_CACHE DEFAULT CELL_FLASH_CACHE DEFAULT)
  TABLESPACE "SYSTEM" ;
--------------------------------------------------------
--  DDL for Table PRODUCT_ING
--------------------------------------------------------

  CREATE TABLE "KAPEKWENTO"."PRODUCT_ING" 
   (	"INGREDIENT_ID" NUMBER(*,0), 
	"PRODUCT_ID" NUMBER(*,0), 
	"RAW_ID" NUMBER(*,0), 
	"QUANTITY" NUMBER
   ) SEGMENT CREATION IMMEDIATE 
  PCTFREE 10 PCTUSED 40 INITRANS 1 MAXTRANS 255 NOCOMPRESS LOGGING
  STORAGE(INITIAL 65536 NEXT 1048576 MINEXTENTS 1 MAXEXTENTS 2147483645
  PCTINCREASE 0 FREELISTS 1 FREELIST GROUPS 1 BUFFER_POOL DEFAULT FLASH_CACHE DEFAULT CELL_FLASH_CACHE DEFAULT)
  TABLESPACE "SYSTEM" ;
--------------------------------------------------------
--  DDL for Table RAW_LOGS
--------------------------------------------------------

  CREATE TABLE "KAPEKWENTO"."RAW_LOGS" 
   (	"LOG_ID" NUMBER(*,0), 
	"ACCOUNT_USER" VARCHAR2(50 BYTE), 
	"RAW_NAME" VARCHAR2(50 BYTE), 
	"MODIFICATION" VARCHAR2(50 BYTE), 
	"QUANTITY" NUMBER, 
	"CAPACITY" NUMBER, 
	"MEASURE" VARCHAR2(50 BYTE), 
	"PRICE" NUMBER, 
	"EXPIRATION" VARCHAR2(50 BYTE), 
	"LOG_DATE" VARCHAR2(50 BYTE), 
	"LOG_TIME" VARCHAR2(50 BYTE)
   ) SEGMENT CREATION IMMEDIATE 
  PCTFREE 10 PCTUSED 40 INITRANS 1 MAXTRANS 255 NOCOMPRESS LOGGING
  STORAGE(INITIAL 65536 NEXT 1048576 MINEXTENTS 1 MAXEXTENTS 2147483645
  PCTINCREASE 0 FREELISTS 1 FREELIST GROUPS 1 BUFFER_POOL DEFAULT FLASH_CACHE DEFAULT CELL_FLASH_CACHE DEFAULT)
  TABLESPACE "SYSTEM" ;
--------------------------------------------------------
--  DDL for Table RAW_LOSS_DAMAGE
--------------------------------------------------------

  CREATE TABLE "KAPEKWENTO"."RAW_LOSS_DAMAGE" 
   (	"LOSSDMG_ID" NUMBER(*,0), 
	"RAW_NAME" VARCHAR2(50 BYTE), 
	"QUANTITY" NUMBER, 
	"MEASURE" VARCHAR2(50 BYTE), 
	"PRICE" NUMBER, 
	"STATUS" VARCHAR2(50 BYTE), 
	"LOSSDMG_DATE" VARCHAR2(50 BYTE)
   ) SEGMENT CREATION IMMEDIATE 
  PCTFREE 10 PCTUSED 40 INITRANS 1 MAXTRANS 255 NOCOMPRESS LOGGING
  STORAGE(INITIAL 65536 NEXT 1048576 MINEXTENTS 1 MAXEXTENTS 2147483645
  PCTINCREASE 0 FREELISTS 1 FREELIST GROUPS 1 BUFFER_POOL DEFAULT FLASH_CACHE DEFAULT CELL_FLASH_CACHE DEFAULT)
  TABLESPACE "SYSTEM" ;
--------------------------------------------------------
--  DDL for Table RAW_MATERIALS
--------------------------------------------------------

  CREATE TABLE "KAPEKWENTO"."RAW_MATERIALS" 
   (	"RAW_ID" NUMBER(*,0), 
	"RAW_NAME" VARCHAR2(50 BYTE), 
	"QUANTITY" NUMBER, 
	"CAPACITY" NUMBER, 
	"MEASURE" VARCHAR2(50 BYTE), 
	"PRICE" NUMBER, 
	"EXPIRATION" VARCHAR2(50 BYTE)
   ) SEGMENT CREATION IMMEDIATE 
  PCTFREE 10 PCTUSED 40 INITRANS 1 MAXTRANS 255 NOCOMPRESS LOGGING
  STORAGE(INITIAL 65536 NEXT 1048576 MINEXTENTS 1 MAXEXTENTS 2147483645
  PCTINCREASE 0 FREELISTS 1 FREELIST GROUPS 1 BUFFER_POOL DEFAULT FLASH_CACHE DEFAULT CELL_FLASH_CACHE DEFAULT)
  TABLESPACE "SYSTEM" ;
--------------------------------------------------------
--  DDL for Table TRANSACTIONS
--------------------------------------------------------

  CREATE TABLE "KAPEKWENTO"."TRANSACTIONS" 
   (	"TRANSACTION_ID" NUMBER(*,0), 
	"ORDER_ID" NUMBER(*,0), 
	"PRODUCT_ID" NUMBER(*,0), 
	"QUANTITY" NUMBER, 
	"PRICE" NUMBER, 
	"TRANSACTION_TIME" VARCHAR2(50 BYTE), 
	"TRANSACTION_MONTH" VARCHAR2(50 BYTE), 
	"TRANSACTION_DAY" VARCHAR2(50 BYTE), 
	"TRANSACTION_YEAR" VARCHAR2(50 BYTE)
   ) SEGMENT CREATION IMMEDIATE 
  PCTFREE 10 PCTUSED 40 INITRANS 1 MAXTRANS 255 NOCOMPRESS LOGGING
  STORAGE(INITIAL 65536 NEXT 1048576 MINEXTENTS 1 MAXEXTENTS 2147483645
  PCTINCREASE 0 FREELISTS 1 FREELIST GROUPS 1 BUFFER_POOL DEFAULT FLASH_CACHE DEFAULT CELL_FLASH_CACHE DEFAULT)
  TABLESPACE "SYSTEM" ;
REM INSERTING into KAPEKWENTO.ACCOUNTS
SET DEFINE OFF;
Insert into KAPEKWENTO.ACCOUNTS (ACCOUNT_ID,USERNAME,PASSWORD,USER_LEVEL,FIRST_NAME,LAST_NAME) values (1,'Owner','12345','Owner','Owner','1');
Insert into KAPEKWENTO.ACCOUNTS (ACCOUNT_ID,USERNAME,PASSWORD,USER_LEVEL,FIRST_NAME,LAST_NAME) values (2,'Employee','123456','Employee','Employee','1');
Insert into KAPEKWENTO.ACCOUNTS (ACCOUNT_ID,USERNAME,PASSWORD,USER_LEVEL,FIRST_NAME,LAST_NAME) values (23,'EmployeeA','1234','Employee','Employee','A');
Insert into KAPEKWENTO.ACCOUNTS (ACCOUNT_ID,USERNAME,PASSWORD,USER_LEVEL,FIRST_NAME,LAST_NAME) values (43,'OwnerC','1234','Owner','Owner','C');
REM INSERTING into KAPEKWENTO.EXPENSES
SET DEFINE OFF;
Insert into KAPEKWENTO.EXPENSES (EXPENSES_ID,RAW_NAME,QUANTITY,MEASURE,TOTAL_EXPENSES,EXPENSES_DATE) values (61,'Bread',100,'Piece/s',300,'May-05-2023');
Insert into KAPEKWENTO.EXPENSES (EXPENSES_ID,RAW_NAME,QUANTITY,MEASURE,TOTAL_EXPENSES,EXPENSES_DATE) values (62,'Flour',1000,'Grams',200,'May-05-2023');
Insert into KAPEKWENTO.EXPENSES (EXPENSES_ID,RAW_NAME,QUANTITY,MEASURE,TOTAL_EXPENSES,EXPENSES_DATE) values (81,'Pasta',1000,'Grams',500,'May-05-2023');
Insert into KAPEKWENTO.EXPENSES (EXPENSES_ID,RAW_NAME,QUANTITY,MEASURE,TOTAL_EXPENSES,EXPENSES_DATE) values (101,'Water',9900,'ML',150,'May-06-2023');
Insert into KAPEKWENTO.EXPENSES (EXPENSES_ID,RAW_NAME,QUANTITY,MEASURE,TOTAL_EXPENSES,EXPENSES_DATE) values (102,'Water',9850,'ML',1000,'May-06-2023');
Insert into KAPEKWENTO.EXPENSES (EXPENSES_ID,RAW_NAME,QUANTITY,MEASURE,TOTAL_EXPENSES,EXPENSES_DATE) values (103,'Water',9950,'ML',100,'May-06-2023');
Insert into KAPEKWENTO.EXPENSES (EXPENSES_ID,RAW_NAME,QUANTITY,MEASURE,TOTAL_EXPENSES,EXPENSES_DATE) values (104,'Coffee Beans',1000,'Grams',100,'May-06-2023');
Insert into KAPEKWENTO.EXPENSES (EXPENSES_ID,RAW_NAME,QUANTITY,MEASURE,TOTAL_EXPENSES,EXPENSES_DATE) values (105,'Brown Sugar',990,'Grams',220,'May-06-2023');
Insert into KAPEKWENTO.EXPENSES (EXPENSES_ID,RAW_NAME,QUANTITY,MEASURE,TOTAL_EXPENSES,EXPENSES_DATE) values (106,'Espresso',1000,'Grams',400,'May-06-2023');
Insert into KAPEKWENTO.EXPENSES (EXPENSES_ID,RAW_NAME,QUANTITY,MEASURE,TOTAL_EXPENSES,EXPENSES_DATE) values (107,'Ice',960,'Piece/s',50,'May-06-2023');
Insert into KAPEKWENTO.EXPENSES (EXPENSES_ID,RAW_NAME,QUANTITY,MEASURE,TOTAL_EXPENSES,EXPENSES_DATE) values (108,'Milk',1000,'ML',250,'May-06-2023');
Insert into KAPEKWENTO.EXPENSES (EXPENSES_ID,RAW_NAME,QUANTITY,MEASURE,TOTAL_EXPENSES,EXPENSES_DATE) values (109,'Pasta',1000,'Grams',500,'May-06-2023');
Insert into KAPEKWENTO.EXPENSES (EXPENSES_ID,RAW_NAME,QUANTITY,MEASURE,TOTAL_EXPENSES,EXPENSES_DATE) values (110,'Pasta',1000,'Grams',500,'May-06-2023');
Insert into KAPEKWENTO.EXPENSES (EXPENSES_ID,RAW_NAME,QUANTITY,MEASURE,TOTAL_EXPENSES,EXPENSES_DATE) values (111,'Pasta',1000,'Grams',500,'May-06-2023');
Insert into KAPEKWENTO.EXPENSES (EXPENSES_ID,RAW_NAME,QUANTITY,MEASURE,TOTAL_EXPENSES,EXPENSES_DATE) values (112,'Milk',1000,'ML',250,'May-06-2023');
Insert into KAPEKWENTO.EXPENSES (EXPENSES_ID,RAW_NAME,QUANTITY,MEASURE,TOTAL_EXPENSES,EXPENSES_DATE) values (113,'Flour',1000,'Grams',200,'May-06-2023');
Insert into KAPEKWENTO.EXPENSES (EXPENSES_ID,RAW_NAME,QUANTITY,MEASURE,TOTAL_EXPENSES,EXPENSES_DATE) values (114,'Coffee Beans',100,'Grams',10,'May-06-2023');
Insert into KAPEKWENTO.EXPENSES (EXPENSES_ID,RAW_NAME,QUANTITY,MEASURE,TOTAL_EXPENSES,EXPENSES_DATE) values (115,'Coffee Beans',900,'Grams',90,'May-06-2023');
Insert into KAPEKWENTO.EXPENSES (EXPENSES_ID,RAW_NAME,QUANTITY,MEASURE,TOTAL_EXPENSES,EXPENSES_DATE) values (121,'Coffee Beans',10000,'Grams',400,'May-07-2023');
Insert into KAPEKWENTO.EXPENSES (EXPENSES_ID,RAW_NAME,QUANTITY,MEASURE,TOTAL_EXPENSES,EXPENSES_DATE) values (141,'Milk',10000,'ML',275,'May-07-2023');
Insert into KAPEKWENTO.EXPENSES (EXPENSES_ID,RAW_NAME,QUANTITY,MEASURE,TOTAL_EXPENSES,EXPENSES_DATE) values (142,'Creamer',9000,'Grams',200,'May-07-2023');
Insert into KAPEKWENTO.EXPENSES (EXPENSES_ID,RAW_NAME,QUANTITY,MEASURE,TOTAL_EXPENSES,EXPENSES_DATE) values (143,'Chocolate',10000,'Grams',800,'May-07-2023');
Insert into KAPEKWENTO.EXPENSES (EXPENSES_ID,RAW_NAME,QUANTITY,MEASURE,TOTAL_EXPENSES,EXPENSES_DATE) values (144,'Chocolate',100,'Grams',80,'May-07-2023');
Insert into KAPEKWENTO.EXPENSES (EXPENSES_ID,RAW_NAME,QUANTITY,MEASURE,TOTAL_EXPENSES,EXPENSES_DATE) values (145,'Water',850,'ML',25,'May-07-2023');
Insert into KAPEKWENTO.EXPENSES (EXPENSES_ID,RAW_NAME,QUANTITY,MEASURE,TOTAL_EXPENSES,EXPENSES_DATE) values (146,'Water',100,'ML',15,'May-07-2023');
Insert into KAPEKWENTO.EXPENSES (EXPENSES_ID,RAW_NAME,QUANTITY,MEASURE,TOTAL_EXPENSES,EXPENSES_DATE) values (147,'Water',8900,'ML',50,'May-07-2023');
Insert into KAPEKWENTO.EXPENSES (EXPENSES_ID,RAW_NAME,QUANTITY,MEASURE,TOTAL_EXPENSES,EXPENSES_DATE) values (148,'Water',100,'ML',15,'May-07-2023');
Insert into KAPEKWENTO.EXPENSES (EXPENSES_ID,RAW_NAME,QUANTITY,MEASURE,TOTAL_EXPENSES,EXPENSES_DATE) values (149,'Water',1000,'ML',20,'May-07-2023');
Insert into KAPEKWENTO.EXPENSES (EXPENSES_ID,RAW_NAME,QUANTITY,MEASURE,TOTAL_EXPENSES,EXPENSES_DATE) values (161,'Chocolate',9900,'Grams',900,'May-07-2023');
Insert into KAPEKWENTO.EXPENSES (EXPENSES_ID,RAW_NAME,QUANTITY,MEASURE,TOTAL_EXPENSES,EXPENSES_DATE) values (162,'Coffee Beans',10100,'Grams',400,'May-07-2023');
Insert into KAPEKWENTO.EXPENSES (EXPENSES_ID,RAW_NAME,QUANTITY,MEASURE,TOTAL_EXPENSES,EXPENSES_DATE) values (163,'Salt',10000,'Grams',125,'May-08-2023');
Insert into KAPEKWENTO.EXPENSES (EXPENSES_ID,RAW_NAME,QUANTITY,MEASURE,TOTAL_EXPENSES,EXPENSES_DATE) values (181,'Macaroni',10000,'Grams',275,'May-08-2023');
Insert into KAPEKWENTO.EXPENSES (EXPENSES_ID,RAW_NAME,QUANTITY,MEASURE,TOTAL_EXPENSES,EXPENSES_DATE) values (182,'Macaroni',10000,'Grams',275,'May-08-2023');
Insert into KAPEKWENTO.EXPENSES (EXPENSES_ID,RAW_NAME,QUANTITY,MEASURE,TOTAL_EXPENSES,EXPENSES_DATE) values (183,'Water',200,'ML',10,'May-08-2023');
Insert into KAPEKWENTO.EXPENSES (EXPENSES_ID,RAW_NAME,QUANTITY,MEASURE,TOTAL_EXPENSES,EXPENSES_DATE) values (184,'Water',9000,'ML',100,'May-08-2023');
Insert into KAPEKWENTO.EXPENSES (EXPENSES_ID,RAW_NAME,QUANTITY,MEASURE,TOTAL_EXPENSES,EXPENSES_DATE) values (201,'Milo',9000,'Grams',300,'May-08-2023');
Insert into KAPEKWENTO.EXPENSES (EXPENSES_ID,RAW_NAME,QUANTITY,MEASURE,TOTAL_EXPENSES,EXPENSES_DATE) values (202,'White Chocolate',10001,'Grams',850,'May-08-2023');
Insert into KAPEKWENTO.EXPENSES (EXPENSES_ID,RAW_NAME,QUANTITY,MEASURE,TOTAL_EXPENSES,EXPENSES_DATE) values (203,'Chocolate',1,'Grams',1,'May-08-2023');
Insert into KAPEKWENTO.EXPENSES (EXPENSES_ID,RAW_NAME,QUANTITY,MEASURE,TOTAL_EXPENSES,EXPENSES_DATE) values (204,'Bread',100,'Piece/s',225,'May-08-2023');
Insert into KAPEKWENTO.EXPENSES (EXPENSES_ID,RAW_NAME,QUANTITY,MEASURE,TOTAL_EXPENSES,EXPENSES_DATE) values (205,'Macaroni',8400,'Grams',200,'May-08-2023');
Insert into KAPEKWENTO.EXPENSES (EXPENSES_ID,RAW_NAME,QUANTITY,MEASURE,TOTAL_EXPENSES,EXPENSES_DATE) values (206,'Bread',1,'Piece/s',2,'May-08-2023');
Insert into KAPEKWENTO.EXPENSES (EXPENSES_ID,RAW_NAME,QUANTITY,MEASURE,TOTAL_EXPENSES,EXPENSES_DATE) values (207,'Bread',100,'Piece/s',225,'May-08-2023');
Insert into KAPEKWENTO.EXPENSES (EXPENSES_ID,RAW_NAME,QUANTITY,MEASURE,TOTAL_EXPENSES,EXPENSES_DATE) values (208,'Chocolate',10000,'Grams',800,'May-08-2023');
Insert into KAPEKWENTO.EXPENSES (EXPENSES_ID,RAW_NAME,QUANTITY,MEASURE,TOTAL_EXPENSES,EXPENSES_DATE) values (209,'Milo',1,'Grams',1,'May-08-2023');
Insert into KAPEKWENTO.EXPENSES (EXPENSES_ID,RAW_NAME,QUANTITY,MEASURE,TOTAL_EXPENSES,EXPENSES_DATE) values (210,'Brown Sugar',5000,'Grams',100,'May-08-2023');
Insert into KAPEKWENTO.EXPENSES (EXPENSES_ID,RAW_NAME,QUANTITY,MEASURE,TOTAL_EXPENSES,EXPENSES_DATE) values (211,'Bread',6000,'Piece/s',125,'May-08-2023');
Insert into KAPEKWENTO.EXPENSES (EXPENSES_ID,RAW_NAME,QUANTITY,MEASURE,TOTAL_EXPENSES,EXPENSES_DATE) values (221,'Flour',10000,'Grams',700,'May-09-2023');
Insert into KAPEKWENTO.EXPENSES (EXPENSES_ID,RAW_NAME,QUANTITY,MEASURE,TOTAL_EXPENSES,EXPENSES_DATE) values (222,'Kayo',100,'Piece/s',10,'May-09-2023');
Insert into KAPEKWENTO.EXPENSES (EXPENSES_ID,RAW_NAME,QUANTITY,MEASURE,TOTAL_EXPENSES,EXPENSES_DATE) values (223,'Chocolate',10000,'Grams',800,'May-09-2023');
Insert into KAPEKWENTO.EXPENSES (EXPENSES_ID,RAW_NAME,QUANTITY,MEASURE,TOTAL_EXPENSES,EXPENSES_DATE) values (241,'Tea',250,'Grams',10,'May-09-2023');
Insert into KAPEKWENTO.EXPENSES (EXPENSES_ID,RAW_NAME,QUANTITY,MEASURE,TOTAL_EXPENSES,EXPENSES_DATE) values (242,'Water',10000,'ML',150,'May-09-2023');
Insert into KAPEKWENTO.EXPENSES (EXPENSES_ID,RAW_NAME,QUANTITY,MEASURE,TOTAL_EXPENSES,EXPENSES_DATE) values (243,'Brown Sugar',9000,'Grams',225,'May-09-2023');
Insert into KAPEKWENTO.EXPENSES (EXPENSES_ID,RAW_NAME,QUANTITY,MEASURE,TOTAL_EXPENSES,EXPENSES_DATE) values (261,'Espresso',1000,'Grams',100,'May-09-2023');
Insert into KAPEKWENTO.EXPENSES (EXPENSES_ID,RAW_NAME,QUANTITY,MEASURE,TOTAL_EXPENSES,EXPENSES_DATE) values (262,'Espresso',9000,'Grams',90,'May-09-2023');
Insert into KAPEKWENTO.EXPENSES (EXPENSES_ID,RAW_NAME,QUANTITY,MEASURE,TOTAL_EXPENSES,EXPENSES_DATE) values (281,'Coffee Beans',700,'Grams',170,'May-09-2023');
Insert into KAPEKWENTO.EXPENSES (EXPENSES_ID,RAW_NAME,QUANTITY,MEASURE,TOTAL_EXPENSES,EXPENSES_DATE) values (301,'Coffee Beans',1000,'Grams',500,'April-27-2024');
Insert into KAPEKWENTO.EXPENSES (EXPENSES_ID,RAW_NAME,QUANTITY,MEASURE,TOTAL_EXPENSES,EXPENSES_DATE) values (321,'Coffee Beans',1000,'Grams',800,'April-30-2024');
Insert into KAPEKWENTO.EXPENSES (EXPENSES_ID,RAW_NAME,QUANTITY,MEASURE,TOTAL_EXPENSES,EXPENSES_DATE) values (322,'Coffee Beans',8000,'Grams',750,'April-30-2024');
Insert into KAPEKWENTO.EXPENSES (EXPENSES_ID,RAW_NAME,QUANTITY,MEASURE,TOTAL_EXPENSES,EXPENSES_DATE) values (323,'Coffee Beans',8000,'Grams',700,'April-30-2024');
Insert into KAPEKWENTO.EXPENSES (EXPENSES_ID,RAW_NAME,QUANTITY,MEASURE,TOTAL_EXPENSES,EXPENSES_DATE) values (324,'Asdasdasd',50000,'Piece/s',10000,'April-30-2024');
Insert into KAPEKWENTO.EXPENSES (EXPENSES_ID,RAW_NAME,QUANTITY,MEASURE,TOTAL_EXPENSES,EXPENSES_DATE) values (325,'Asdasdasd',5000,'Piece/s',500,'April-30-2024');
Insert into KAPEKWENTO.EXPENSES (EXPENSES_ID,RAW_NAME,QUANTITY,MEASURE,TOTAL_EXPENSES,EXPENSES_DATE) values (326,'Milk',10000,'ML',5000,'April-30-2024');
Insert into KAPEKWENTO.EXPENSES (EXPENSES_ID,RAW_NAME,QUANTITY,MEASURE,TOTAL_EXPENSES,EXPENSES_DATE) values (327,'Asadsadsad',1000,'Grams',500,'April-30-2024');
Insert into KAPEKWENTO.EXPENSES (EXPENSES_ID,RAW_NAME,QUANTITY,MEASURE,TOTAL_EXPENSES,EXPENSES_DATE) values (328,'Asdasda',500,'Grams',1200,'April-30-2024');
Insert into KAPEKWENTO.EXPENSES (EXPENSES_ID,RAW_NAME,QUANTITY,MEASURE,TOTAL_EXPENSES,EXPENSES_DATE) values (341,'Water',19800,'ML',140,'May-01-2024');
Insert into KAPEKWENTO.EXPENSES (EXPENSES_ID,RAW_NAME,QUANTITY,MEASURE,TOTAL_EXPENSES,EXPENSES_DATE) values (342,'Coffee Beans',9500,'Grams',375,'May-01-2024');
Insert into KAPEKWENTO.EXPENSES (EXPENSES_ID,RAW_NAME,QUANTITY,MEASURE,TOTAL_EXPENSES,EXPENSES_DATE) values (361,'Soy Milk',10000,'ML',1500,'May-02-2024');
Insert into KAPEKWENTO.EXPENSES (EXPENSES_ID,RAW_NAME,QUANTITY,MEASURE,TOTAL_EXPENSES,EXPENSES_DATE) values (381,'Almond Milk',100000,'ML',2000,'May-03-2024');
Insert into KAPEKWENTO.EXPENSES (EXPENSES_ID,RAW_NAME,QUANTITY,MEASURE,TOTAL_EXPENSES,EXPENSES_DATE) values (382,'Almond Milk',100001,'ML',2000,'May-03-2024');
Insert into KAPEKWENTO.EXPENSES (EXPENSES_ID,RAW_NAME,QUANTITY,MEASURE,TOTAL_EXPENSES,EXPENSES_DATE) values (383,'Medium Cups',100,'Piece/s',500,'May-03-2024');
REM INSERTING into KAPEKWENTO.LOGS
SET DEFINE OFF;
Insert into KAPEKWENTO.LOGS (LOG_ID,ACCOUNT_USER,ACTION,LOG_DATE,LOG_TIME) values (2160,'Owner','Has logged out','May-01-2024','13:38:42');
Insert into KAPEKWENTO.LOGS (LOG_ID,ACCOUNT_USER,ACTION,LOG_DATE,LOG_TIME) values (2161,'Owner','Has logged in','May-01-2024','13:42:57');
Insert into KAPEKWENTO.LOGS (LOG_ID,ACCOUNT_USER,ACTION,LOG_DATE,LOG_TIME) values (2162,'Owner','Has logged out','May-01-2024','13:43:53');
Insert into KAPEKWENTO.LOGS (LOG_ID,ACCOUNT_USER,ACTION,LOG_DATE,LOG_TIME) values (2163,'Owner','Has logged in','May-01-2024','14:30:19');
Insert into KAPEKWENTO.LOGS (LOG_ID,ACCOUNT_USER,ACTION,LOG_DATE,LOG_TIME) values (2164,'Owner','Has logged out','May-01-2024','14:32:25');
Insert into KAPEKWENTO.LOGS (LOG_ID,ACCOUNT_USER,ACTION,LOG_DATE,LOG_TIME) values (2165,'Owner','Has logged in','May-01-2024','16:05:59');
Insert into KAPEKWENTO.LOGS (LOG_ID,ACCOUNT_USER,ACTION,LOG_DATE,LOG_TIME) values (2166,'Owner','Has logged out','May-01-2024','16:06:58');
Insert into KAPEKWENTO.LOGS (LOG_ID,ACCOUNT_USER,ACTION,LOG_DATE,LOG_TIME) values (2167,'Owner','Has logged in','May-01-2024','16:12:20');
Insert into KAPEKWENTO.LOGS (LOG_ID,ACCOUNT_USER,ACTION,LOG_DATE,LOG_TIME) values (2168,'Owner','Has logged out','May-01-2024','16:12:54');
Insert into KAPEKWENTO.LOGS (LOG_ID,ACCOUNT_USER,ACTION,LOG_DATE,LOG_TIME) values (2169,'Owner','Has logged in','May-01-2024','16:14:24');
Insert into KAPEKWENTO.LOGS (LOG_ID,ACCOUNT_USER,ACTION,LOG_DATE,LOG_TIME) values (2170,'Owner','Has logged out','May-01-2024','16:14:27');
Insert into KAPEKWENTO.LOGS (LOG_ID,ACCOUNT_USER,ACTION,LOG_DATE,LOG_TIME) values (2171,'Owner','Has logged in','May-01-2024','16:15:18');
Insert into KAPEKWENTO.LOGS (LOG_ID,ACCOUNT_USER,ACTION,LOG_DATE,LOG_TIME) values (2172,'Owner','Has logged out','May-01-2024','16:15:48');
Insert into KAPEKWENTO.LOGS (LOG_ID,ACCOUNT_USER,ACTION,LOG_DATE,LOG_TIME) values (2173,'Owner','Has logged in','May-01-2024','16:17:07');
Insert into KAPEKWENTO.LOGS (LOG_ID,ACCOUNT_USER,ACTION,LOG_DATE,LOG_TIME) values (2174,'Owner','Has logged out','May-01-2024','16:17:24');
Insert into KAPEKWENTO.LOGS (LOG_ID,ACCOUNT_USER,ACTION,LOG_DATE,LOG_TIME) values (2175,'Owner','Has logged in','May-01-2024','16:20:25');
Insert into KAPEKWENTO.LOGS (LOG_ID,ACCOUNT_USER,ACTION,LOG_DATE,LOG_TIME) values (2176,'Owner','Has updated an account`s password','May-01-2024','16:20:34');
Insert into KAPEKWENTO.LOGS (LOG_ID,ACCOUNT_USER,ACTION,LOG_DATE,LOG_TIME) values (2177,'Owner','Has logged out','May-01-2024','16:20:43');
Insert into KAPEKWENTO.LOGS (LOG_ID,ACCOUNT_USER,ACTION,LOG_DATE,LOG_TIME) values (2178,'Owner','Has logged in','May-01-2024','16:41:32');
Insert into KAPEKWENTO.LOGS (LOG_ID,ACCOUNT_USER,ACTION,LOG_DATE,LOG_TIME) values (2179,'Owner','Has logged out','May-01-2024','16:42:17');
Insert into KAPEKWENTO.LOGS (LOG_ID,ACCOUNT_USER,ACTION,LOG_DATE,LOG_TIME) values (2180,'Owner','Has logged in','May-01-2024','16:46:36');
Insert into KAPEKWENTO.LOGS (LOG_ID,ACCOUNT_USER,ACTION,LOG_DATE,LOG_TIME) values (2181,'Owner','Has logged out','May-01-2024','16:46:54');
Insert into KAPEKWENTO.LOGS (LOG_ID,ACCOUNT_USER,ACTION,LOG_DATE,LOG_TIME) values (2182,'Owner','Has logged in','May-01-2024','17:10:06');
Insert into KAPEKWENTO.LOGS (LOG_ID,ACCOUNT_USER,ACTION,LOG_DATE,LOG_TIME) values (2183,'Owner','Has logged out','May-01-2024','17:10:10');
Insert into KAPEKWENTO.LOGS (LOG_ID,ACCOUNT_USER,ACTION,LOG_DATE,LOG_TIME) values (2184,'Owner','Has logged in','May-01-2024','17:11:46');
Insert into KAPEKWENTO.LOGS (LOG_ID,ACCOUNT_USER,ACTION,LOG_DATE,LOG_TIME) values (2185,'Owner','Has logged out','May-01-2024','17:11:49');
Insert into KAPEKWENTO.LOGS (LOG_ID,ACCOUNT_USER,ACTION,LOG_DATE,LOG_TIME) values (2186,'Owner','Has logged in','May-01-2024','17:13:27');
Insert into KAPEKWENTO.LOGS (LOG_ID,ACCOUNT_USER,ACTION,LOG_DATE,LOG_TIME) values (2187,'Owner','Has logged out','May-01-2024','17:13:32');
Insert into KAPEKWENTO.LOGS (LOG_ID,ACCOUNT_USER,ACTION,LOG_DATE,LOG_TIME) values (2188,'Owner','Has logged in','May-01-2024','17:14:00');
Insert into KAPEKWENTO.LOGS (LOG_ID,ACCOUNT_USER,ACTION,LOG_DATE,LOG_TIME) values (2189,'Owner','Has logged out','May-01-2024','17:14:03');
Insert into KAPEKWENTO.LOGS (LOG_ID,ACCOUNT_USER,ACTION,LOG_DATE,LOG_TIME) values (2190,'Owner','Has logged in','May-01-2024','17:14:24');
Insert into KAPEKWENTO.LOGS (LOG_ID,ACCOUNT_USER,ACTION,LOG_DATE,LOG_TIME) values (2191,'Owner','Has logged out','May-01-2024','17:14:29');
Insert into KAPEKWENTO.LOGS (LOG_ID,ACCOUNT_USER,ACTION,LOG_DATE,LOG_TIME) values (2192,'Owner','Has logged in','May-01-2024','17:25:14');
Insert into KAPEKWENTO.LOGS (LOG_ID,ACCOUNT_USER,ACTION,LOG_DATE,LOG_TIME) values (2193,'Owner','Has updated a raw material','May-01-2024','17:25:41');
Insert into KAPEKWENTO.LOGS (LOG_ID,ACCOUNT_USER,ACTION,LOG_DATE,LOG_TIME) values (2194,'Owner','Has deleted a raw material/s','May-01-2024','17:25:47');
Insert into KAPEKWENTO.LOGS (LOG_ID,ACCOUNT_USER,ACTION,LOG_DATE,LOG_TIME) values (2195,'Owner','Has logged out','May-01-2024','17:28:03');
Insert into KAPEKWENTO.LOGS (LOG_ID,ACCOUNT_USER,ACTION,LOG_DATE,LOG_TIME) values (2196,'Owner','Has logged in','May-01-2024','17:40:36');
Insert into KAPEKWENTO.LOGS (LOG_ID,ACCOUNT_USER,ACTION,LOG_DATE,LOG_TIME) values (2197,'Owner','Has logged out','May-01-2024','17:40:55');
Insert into KAPEKWENTO.LOGS (LOG_ID,ACCOUNT_USER,ACTION,LOG_DATE,LOG_TIME) values (2198,'Owner','Has logged in','May-01-2024','17:41:58');
Insert into KAPEKWENTO.LOGS (LOG_ID,ACCOUNT_USER,ACTION,LOG_DATE,LOG_TIME) values (2199,'Owner','Has logged in','May-01-2024','17:42:52');
Insert into KAPEKWENTO.LOGS (LOG_ID,ACCOUNT_USER,ACTION,LOG_DATE,LOG_TIME) values (2200,'Owner','Has logged in','May-01-2024','17:44:39');
Insert into KAPEKWENTO.LOGS (LOG_ID,ACCOUNT_USER,ACTION,LOG_DATE,LOG_TIME) values (2201,'Owner','Has logged in','May-01-2024','17:45:37');
Insert into KAPEKWENTO.LOGS (LOG_ID,ACCOUNT_USER,ACTION,LOG_DATE,LOG_TIME) values (2202,'Owner','Has logged out','May-01-2024','17:45:56');
Insert into KAPEKWENTO.LOGS (LOG_ID,ACCOUNT_USER,ACTION,LOG_DATE,LOG_TIME) values (2203,'Owner','Has logged in','May-01-2024','17:48:18');
Insert into KAPEKWENTO.LOGS (LOG_ID,ACCOUNT_USER,ACTION,LOG_DATE,LOG_TIME) values (2204,'Owner','Has logged in','May-01-2024','17:51:34');
Insert into KAPEKWENTO.LOGS (LOG_ID,ACCOUNT_USER,ACTION,LOG_DATE,LOG_TIME) values (2205,'Owner','Has logged in','May-01-2024','17:53:27');
Insert into KAPEKWENTO.LOGS (LOG_ID,ACCOUNT_USER,ACTION,LOG_DATE,LOG_TIME) values (2206,'Owner','Has logged out','May-01-2024','17:53:36');
Insert into KAPEKWENTO.LOGS (LOG_ID,ACCOUNT_USER,ACTION,LOG_DATE,LOG_TIME) values (2207,'Owner','Has logged in','May-01-2024','18:17:03');
Insert into KAPEKWENTO.LOGS (LOG_ID,ACCOUNT_USER,ACTION,LOG_DATE,LOG_TIME) values (2208,'Owner','Has logged out','May-01-2024','18:17:06');
Insert into KAPEKWENTO.LOGS (LOG_ID,ACCOUNT_USER,ACTION,LOG_DATE,LOG_TIME) values (2209,'Owner','Has logged in','May-01-2024','18:17:20');
Insert into KAPEKWENTO.LOGS (LOG_ID,ACCOUNT_USER,ACTION,LOG_DATE,LOG_TIME) values (2210,'Owner','Has processed an order','May-01-2024','18:17:43');
Insert into KAPEKWENTO.LOGS (LOG_ID,ACCOUNT_USER,ACTION,LOG_DATE,LOG_TIME) values (2211,'Owner','Has processed an order','May-01-2024','18:17:43');
Insert into KAPEKWENTO.LOGS (LOG_ID,ACCOUNT_USER,ACTION,LOG_DATE,LOG_TIME) values (2212,'Owner','Has processed an order','May-01-2024','18:17:43');
Insert into KAPEKWENTO.LOGS (LOG_ID,ACCOUNT_USER,ACTION,LOG_DATE,LOG_TIME) values (2213,'Owner','Has processed an order','May-01-2024','18:17:48');
Insert into KAPEKWENTO.LOGS (LOG_ID,ACCOUNT_USER,ACTION,LOG_DATE,LOG_TIME) values (2214,'Owner','Has processed an order','May-01-2024','18:17:51');
Insert into KAPEKWENTO.LOGS (LOG_ID,ACCOUNT_USER,ACTION,LOG_DATE,LOG_TIME) values (2215,'Owner','Has processed an order','May-01-2024','18:17:55');
Insert into KAPEKWENTO.LOGS (LOG_ID,ACCOUNT_USER,ACTION,LOG_DATE,LOG_TIME) values (2216,'Owner','Has processed an order','May-01-2024','18:17:57');
Insert into KAPEKWENTO.LOGS (LOG_ID,ACCOUNT_USER,ACTION,LOG_DATE,LOG_TIME) values (2217,'Owner','Has processed an order','May-01-2024','18:18:00');
Insert into KAPEKWENTO.LOGS (LOG_ID,ACCOUNT_USER,ACTION,LOG_DATE,LOG_TIME) values (2218,'Owner','Has processed an order','May-01-2024','18:18:03');
Insert into KAPEKWENTO.LOGS (LOG_ID,ACCOUNT_USER,ACTION,LOG_DATE,LOG_TIME) values (2219,'Owner','Has processed an order','May-01-2024','18:18:06');
Insert into KAPEKWENTO.LOGS (LOG_ID,ACCOUNT_USER,ACTION,LOG_DATE,LOG_TIME) values (2220,'Owner','Has updated a raw material','May-01-2024','18:18:28');
Insert into KAPEKWENTO.LOGS (LOG_ID,ACCOUNT_USER,ACTION,LOG_DATE,LOG_TIME) values (2221,'Owner','Has processed an order','May-01-2024','18:18:46');
Insert into KAPEKWENTO.LOGS (LOG_ID,ACCOUNT_USER,ACTION,LOG_DATE,LOG_TIME) values (2222,'Owner','Has processed an order','May-01-2024','18:18:46');
Insert into KAPEKWENTO.LOGS (LOG_ID,ACCOUNT_USER,ACTION,LOG_DATE,LOG_TIME) values (2223,'Owner','Has processed an order','May-01-2024','18:18:46');
Insert into KAPEKWENTO.LOGS (LOG_ID,ACCOUNT_USER,ACTION,LOG_DATE,LOG_TIME) values (2224,'Owner','Has processed an order','May-01-2024','18:18:46');
Insert into KAPEKWENTO.LOGS (LOG_ID,ACCOUNT_USER,ACTION,LOG_DATE,LOG_TIME) values (2225,'Owner','Has processed an order','May-01-2024','18:18:56');
Insert into KAPEKWENTO.LOGS (LOG_ID,ACCOUNT_USER,ACTION,LOG_DATE,LOG_TIME) values (2226,'Owner','Has processed an order','May-01-2024','18:18:56');
Insert into KAPEKWENTO.LOGS (LOG_ID,ACCOUNT_USER,ACTION,LOG_DATE,LOG_TIME) values (2227,'Owner','Has processed an order','May-01-2024','18:18:56');
Insert into KAPEKWENTO.LOGS (LOG_ID,ACCOUNT_USER,ACTION,LOG_DATE,LOG_TIME) values (2228,'Owner','Has processed an order','May-01-2024','18:18:56');
Insert into KAPEKWENTO.LOGS (LOG_ID,ACCOUNT_USER,ACTION,LOG_DATE,LOG_TIME) values (2229,'Owner','Has processed an order','May-01-2024','18:18:56');
Insert into KAPEKWENTO.LOGS (LOG_ID,ACCOUNT_USER,ACTION,LOG_DATE,LOG_TIME) values (2230,'Owner','Has processed an order','May-01-2024','18:18:56');
Insert into KAPEKWENTO.LOGS (LOG_ID,ACCOUNT_USER,ACTION,LOG_DATE,LOG_TIME) values (2231,'Owner','Has processed an order','May-01-2024','18:18:56');
Insert into KAPEKWENTO.LOGS (LOG_ID,ACCOUNT_USER,ACTION,LOG_DATE,LOG_TIME) values (2232,'Owner','Has processed an order','May-01-2024','18:19:12');
Insert into KAPEKWENTO.LOGS (LOG_ID,ACCOUNT_USER,ACTION,LOG_DATE,LOG_TIME) values (2158,'Owner','Has logged in','May-01-2024','13:38:27');
Insert into KAPEKWENTO.LOGS (LOG_ID,ACCOUNT_USER,ACTION,LOG_DATE,LOG_TIME) values (2159,'Owner','Has deleted an account','May-01-2024','13:38:31');
Insert into KAPEKWENTO.LOGS (LOG_ID,ACCOUNT_USER,ACTION,LOG_DATE,LOG_TIME) values (2233,'Owner','Has processed an order','May-01-2024','18:19:12');
Insert into KAPEKWENTO.LOGS (LOG_ID,ACCOUNT_USER,ACTION,LOG_DATE,LOG_TIME) values (2234,'Owner','Has processed an order','May-01-2024','18:19:12');
Insert into KAPEKWENTO.LOGS (LOG_ID,ACCOUNT_USER,ACTION,LOG_DATE,LOG_TIME) values (2235,'Owner','Has updated a raw material','May-01-2024','18:20:24');
Insert into KAPEKWENTO.LOGS (LOG_ID,ACCOUNT_USER,ACTION,LOG_DATE,LOG_TIME) values (2236,'Owner','Has updated a raw material','May-01-2024','18:20:37');
Insert into KAPEKWENTO.LOGS (LOG_ID,ACCOUNT_USER,ACTION,LOG_DATE,LOG_TIME) values (2237,'Owner','Has logged out','May-01-2024','18:21:38');
Insert into KAPEKWENTO.LOGS (LOG_ID,ACCOUNT_USER,ACTION,LOG_DATE,LOG_TIME) values (2238,'Owner','Has logged in','May-01-2024','18:27:05');
Insert into KAPEKWENTO.LOGS (LOG_ID,ACCOUNT_USER,ACTION,LOG_DATE,LOG_TIME) values (2239,'Owner','Has logged out','May-01-2024','18:27:38');
Insert into KAPEKWENTO.LOGS (LOG_ID,ACCOUNT_USER,ACTION,LOG_DATE,LOG_TIME) values (2240,'Owner','Has logged in','May-01-2024','18:29:18');
Insert into KAPEKWENTO.LOGS (LOG_ID,ACCOUNT_USER,ACTION,LOG_DATE,LOG_TIME) values (2241,'Owner','Has logged out','May-01-2024','18:31:05');
Insert into KAPEKWENTO.LOGS (LOG_ID,ACCOUNT_USER,ACTION,LOG_DATE,LOG_TIME) values (2242,'Owner','Has logged in','May-02-2024','15:46:51');
Insert into KAPEKWENTO.LOGS (LOG_ID,ACCOUNT_USER,ACTION,LOG_DATE,LOG_TIME) values (2243,'Owner','Has logged out','May-02-2024','15:48:29');
Insert into KAPEKWENTO.LOGS (LOG_ID,ACCOUNT_USER,ACTION,LOG_DATE,LOG_TIME) values (2244,'Owner','Has logged in','May-02-2024','15:51:48');
Insert into KAPEKWENTO.LOGS (LOG_ID,ACCOUNT_USER,ACTION,LOG_DATE,LOG_TIME) values (2245,'Owner','Has registered an account','May-02-2024','15:57:47');
Insert into KAPEKWENTO.LOGS (LOG_ID,ACCOUNT_USER,ACTION,LOG_DATE,LOG_TIME) values (2246,'Owner','Has updated an account`s password','May-02-2024','15:59:20');
Insert into KAPEKWENTO.LOGS (LOG_ID,ACCOUNT_USER,ACTION,LOG_DATE,LOG_TIME) values (2247,'Owner','Has logged out','May-02-2024','15:59:24');
Insert into KAPEKWENTO.LOGS (LOG_ID,ACCOUNT_USER,ACTION,LOG_DATE,LOG_TIME) values (2248,'EmployeeB','Has logged in','May-02-2024','15:59:29');
Insert into KAPEKWENTO.LOGS (LOG_ID,ACCOUNT_USER,ACTION,LOG_DATE,LOG_TIME) values (2249,'EmployeeB','Has logged out','May-02-2024','15:59:33');
Insert into KAPEKWENTO.LOGS (LOG_ID,ACCOUNT_USER,ACTION,LOG_DATE,LOG_TIME) values (2250,'Owner','Has logged in','May-02-2024','16:00:41');
Insert into KAPEKWENTO.LOGS (LOG_ID,ACCOUNT_USER,ACTION,LOG_DATE,LOG_TIME) values (2251,'Owner','Has logged out','May-02-2024','16:00:44');
Insert into KAPEKWENTO.LOGS (LOG_ID,ACCOUNT_USER,ACTION,LOG_DATE,LOG_TIME) values (2252,'EmployeeB','Has logged in','May-02-2024','16:00:58');
Insert into KAPEKWENTO.LOGS (LOG_ID,ACCOUNT_USER,ACTION,LOG_DATE,LOG_TIME) values (2253,'EmployeeB','Has logged out','May-02-2024','16:01:00');
Insert into KAPEKWENTO.LOGS (LOG_ID,ACCOUNT_USER,ACTION,LOG_DATE,LOG_TIME) values (2254,'Owner','Has logged in','May-02-2024','16:02:16');
Insert into KAPEKWENTO.LOGS (LOG_ID,ACCOUNT_USER,ACTION,LOG_DATE,LOG_TIME) values (2255,'Owner','Has logged out','May-02-2024','16:02:19');
Insert into KAPEKWENTO.LOGS (LOG_ID,ACCOUNT_USER,ACTION,LOG_DATE,LOG_TIME) values (2256,'Owner','Has logged in','May-02-2024','16:03:02');
Insert into KAPEKWENTO.LOGS (LOG_ID,ACCOUNT_USER,ACTION,LOG_DATE,LOG_TIME) values (2257,'Owner','Has logged out','May-02-2024','16:03:04');
Insert into KAPEKWENTO.LOGS (LOG_ID,ACCOUNT_USER,ACTION,LOG_DATE,LOG_TIME) values (2258,'EmployeeB','Has logged in','May-02-2024','16:03:14');
Insert into KAPEKWENTO.LOGS (LOG_ID,ACCOUNT_USER,ACTION,LOG_DATE,LOG_TIME) values (2259,'EmployeeB','Has logged out','May-02-2024','16:03:17');
Insert into KAPEKWENTO.LOGS (LOG_ID,ACCOUNT_USER,ACTION,LOG_DATE,LOG_TIME) values (2260,'Owner','Has logged in','May-02-2024','16:08:16');
Insert into KAPEKWENTO.LOGS (LOG_ID,ACCOUNT_USER,ACTION,LOG_DATE,LOG_TIME) values (2261,'Owner','Has updated an account','May-02-2024','16:16:40');
Insert into KAPEKWENTO.LOGS (LOG_ID,ACCOUNT_USER,ACTION,LOG_DATE,LOG_TIME) values (2262,'Owner','Has updated an account','May-02-2024','16:17:26');
Insert into KAPEKWENTO.LOGS (LOG_ID,ACCOUNT_USER,ACTION,LOG_DATE,LOG_TIME) values (2263,'Owner','Has updated an account','May-02-2024','16:18:14');
Insert into KAPEKWENTO.LOGS (LOG_ID,ACCOUNT_USER,ACTION,LOG_DATE,LOG_TIME) values (2264,'Owner','Has processed an order','May-02-2024','16:33:23');
Insert into KAPEKWENTO.LOGS (LOG_ID,ACCOUNT_USER,ACTION,LOG_DATE,LOG_TIME) values (2265,'Owner','Has processed an order','May-02-2024','16:33:23');
Insert into KAPEKWENTO.LOGS (LOG_ID,ACCOUNT_USER,ACTION,LOG_DATE,LOG_TIME) values (2266,'Owner','Has processed an order','May-02-2024','16:33:23');
Insert into KAPEKWENTO.LOGS (LOG_ID,ACCOUNT_USER,ACTION,LOG_DATE,LOG_TIME) values (2267,'Owner','Has processed an order','May-02-2024','16:33:23');
Insert into KAPEKWENTO.LOGS (LOG_ID,ACCOUNT_USER,ACTION,LOG_DATE,LOG_TIME) values (2268,'Owner','Has processed an order','May-02-2024','16:33:33');
Insert into KAPEKWENTO.LOGS (LOG_ID,ACCOUNT_USER,ACTION,LOG_DATE,LOG_TIME) values (2269,'Owner','Has processed an order','May-02-2024','16:33:33');
Insert into KAPEKWENTO.LOGS (LOG_ID,ACCOUNT_USER,ACTION,LOG_DATE,LOG_TIME) values (2270,'Owner','Has processed an order','May-02-2024','16:33:33');
Insert into KAPEKWENTO.LOGS (LOG_ID,ACCOUNT_USER,ACTION,LOG_DATE,LOG_TIME) values (2271,'Owner','Has processed an order','May-02-2024','16:33:43');
Insert into KAPEKWENTO.LOGS (LOG_ID,ACCOUNT_USER,ACTION,LOG_DATE,LOG_TIME) values (2272,'Owner','Has processed an order','May-02-2024','16:33:43');
Insert into KAPEKWENTO.LOGS (LOG_ID,ACCOUNT_USER,ACTION,LOG_DATE,LOG_TIME) values (2273,'Owner','Has processed an order','May-02-2024','16:33:43');
Insert into KAPEKWENTO.LOGS (LOG_ID,ACCOUNT_USER,ACTION,LOG_DATE,LOG_TIME) values (2274,'Owner','Has processed an order','May-02-2024','16:33:43');
Insert into KAPEKWENTO.LOGS (LOG_ID,ACCOUNT_USER,ACTION,LOG_DATE,LOG_TIME) values (2275,'Owner','Has processed an order','May-02-2024','16:33:43');
Insert into KAPEKWENTO.LOGS (LOG_ID,ACCOUNT_USER,ACTION,LOG_DATE,LOG_TIME) values (2276,'Owner','Has added raw material/s','May-02-2024','16:34:45');
Insert into KAPEKWENTO.LOGS (LOG_ID,ACCOUNT_USER,ACTION,LOG_DATE,LOG_TIME) values (2277,'Owner','Has logged out','May-02-2024','17:27:09');
Insert into KAPEKWENTO.LOGS (LOG_ID,ACCOUNT_USER,ACTION,LOG_DATE,LOG_TIME) values (2282,'Owner','Has logged in','May-02-2024','22:28:38');
Insert into KAPEKWENTO.LOGS (LOG_ID,ACCOUNT_USER,ACTION,LOG_DATE,LOG_TIME) values (2283,'Owner','Has logged out','May-02-2024','22:29:10');
Insert into KAPEKWENTO.LOGS (LOG_ID,ACCOUNT_USER,ACTION,LOG_DATE,LOG_TIME) values (2284,'Owner','Has logged in','May-02-2024','22:29:57');
Insert into KAPEKWENTO.LOGS (LOG_ID,ACCOUNT_USER,ACTION,LOG_DATE,LOG_TIME) values (2285,'Owner','Has generated sales report','May-02-2024','22:30:14');
Insert into KAPEKWENTO.LOGS (LOG_ID,ACCOUNT_USER,ACTION,LOG_DATE,LOG_TIME) values (2302,'Owner','Has logged in','May-03-2024','21:21:24');
Insert into KAPEKWENTO.LOGS (LOG_ID,ACCOUNT_USER,ACTION,LOG_DATE,LOG_TIME) values (2303,'Owner','Has logged out','May-03-2024','21:21:37');
Insert into KAPEKWENTO.LOGS (LOG_ID,ACCOUNT_USER,ACTION,LOG_DATE,LOG_TIME) values (2304,'Owner','Has logged in','May-03-2024','21:26:50');
Insert into KAPEKWENTO.LOGS (LOG_ID,ACCOUNT_USER,ACTION,LOG_DATE,LOG_TIME) values (2305,'Owner','Has processed an order','May-03-2024','21:27:56');
Insert into KAPEKWENTO.LOGS (LOG_ID,ACCOUNT_USER,ACTION,LOG_DATE,LOG_TIME) values (2306,'Owner','Has processed an order','May-03-2024','21:27:56');
Insert into KAPEKWENTO.LOGS (LOG_ID,ACCOUNT_USER,ACTION,LOG_DATE,LOG_TIME) values (2307,'Owner','Has processed an order','May-03-2024','21:27:56');
Insert into KAPEKWENTO.LOGS (LOG_ID,ACCOUNT_USER,ACTION,LOG_DATE,LOG_TIME) values (2308,'Owner','Has added raw material/s','May-03-2024','21:30:50');
Insert into KAPEKWENTO.LOGS (LOG_ID,ACCOUNT_USER,ACTION,LOG_DATE,LOG_TIME) values (2309,'Owner','Has updated a raw material','May-03-2024','21:32:39');
Insert into KAPEKWENTO.LOGS (LOG_ID,ACCOUNT_USER,ACTION,LOG_DATE,LOG_TIME) values (2310,'Owner','Has updated a raw material','May-03-2024','21:33:18');
Insert into KAPEKWENTO.LOGS (LOG_ID,ACCOUNT_USER,ACTION,LOG_DATE,LOG_TIME) values (2311,'Owner','Has updated a raw material','May-03-2024','21:34:06');
Insert into KAPEKWENTO.LOGS (LOG_ID,ACCOUNT_USER,ACTION,LOG_DATE,LOG_TIME) values (2312,'Owner','Has generated sales report','May-03-2024','21:36:03');
Insert into KAPEKWENTO.LOGS (LOG_ID,ACCOUNT_USER,ACTION,LOG_DATE,LOG_TIME) values (2313,'Owner','Has generated sales report','May-03-2024','21:36:41');
Insert into KAPEKWENTO.LOGS (LOG_ID,ACCOUNT_USER,ACTION,LOG_DATE,LOG_TIME) values (2314,'Owner','Has added a product','May-03-2024','21:37:21');
Insert into KAPEKWENTO.LOGS (LOG_ID,ACCOUNT_USER,ACTION,LOG_DATE,LOG_TIME) values (2315,'Owner','Has added a raw material as an ingredient','May-03-2024','21:37:48');
Insert into KAPEKWENTO.LOGS (LOG_ID,ACCOUNT_USER,ACTION,LOG_DATE,LOG_TIME) values (2316,'Owner','Has added a raw material as an ingredient','May-03-2024','21:38:09');
Insert into KAPEKWENTO.LOGS (LOG_ID,ACCOUNT_USER,ACTION,LOG_DATE,LOG_TIME) values (2317,'Owner','Has processed an order','May-03-2024','21:38:24');
Insert into KAPEKWENTO.LOGS (LOG_ID,ACCOUNT_USER,ACTION,LOG_DATE,LOG_TIME) values (2318,'Owner','Has registered an account','May-03-2024','21:39:09');
Insert into KAPEKWENTO.LOGS (LOG_ID,ACCOUNT_USER,ACTION,LOG_DATE,LOG_TIME) values (2319,'Owner','Has updated an account','May-03-2024','21:39:39');
Insert into KAPEKWENTO.LOGS (LOG_ID,ACCOUNT_USER,ACTION,LOG_DATE,LOG_TIME) values (2320,'Owner','Has updated an account`s password','May-03-2024','21:40:17');
Insert into KAPEKWENTO.LOGS (LOG_ID,ACCOUNT_USER,ACTION,LOG_DATE,LOG_TIME) values (2321,'Owner','Has logged out','May-03-2024','21:40:29');
Insert into KAPEKWENTO.LOGS (LOG_ID,ACCOUNT_USER,ACTION,LOG_DATE,LOG_TIME) values (2322,'OwnerC','Has logged in','May-03-2024','21:40:35');
Insert into KAPEKWENTO.LOGS (LOG_ID,ACCOUNT_USER,ACTION,LOG_DATE,LOG_TIME) values (2323,'OwnerC','Has processed an order','May-03-2024','21:43:56');
Insert into KAPEKWENTO.LOGS (LOG_ID,ACCOUNT_USER,ACTION,LOG_DATE,LOG_TIME) values (2324,'OwnerC','Has updated the quantity of an ingredient','May-03-2024','21:44:13');
Insert into KAPEKWENTO.LOGS (LOG_ID,ACCOUNT_USER,ACTION,LOG_DATE,LOG_TIME) values (2325,'OwnerC','Has logged out','May-03-2024','21:49:40');
Insert into KAPEKWENTO.LOGS (LOG_ID,ACCOUNT_USER,ACTION,LOG_DATE,LOG_TIME) values (2326,'Owner','Has logged in','May-03-2024','21:50:18');
Insert into KAPEKWENTO.LOGS (LOG_ID,ACCOUNT_USER,ACTION,LOG_DATE,LOG_TIME) values (2327,'Owner','Has added a product','May-03-2024','21:50:49');
Insert into KAPEKWENTO.LOGS (LOG_ID,ACCOUNT_USER,ACTION,LOG_DATE,LOG_TIME) values (2328,'Owner','Has added raw material/s','May-03-2024','21:51:16');
Insert into KAPEKWENTO.LOGS (LOG_ID,ACCOUNT_USER,ACTION,LOG_DATE,LOG_TIME) values (2329,'Owner','Has added a raw material as an ingredient','May-03-2024','21:51:39');
Insert into KAPEKWENTO.LOGS (LOG_ID,ACCOUNT_USER,ACTION,LOG_DATE,LOG_TIME) values (2330,'Owner','Has added a raw material as an ingredient','May-03-2024','21:51:45');
Insert into KAPEKWENTO.LOGS (LOG_ID,ACCOUNT_USER,ACTION,LOG_DATE,LOG_TIME) values (2331,'Owner','Has added a raw material as an ingredient','May-03-2024','21:51:55');
Insert into KAPEKWENTO.LOGS (LOG_ID,ACCOUNT_USER,ACTION,LOG_DATE,LOG_TIME) values (2332,'Owner','Has added a raw material as an ingredient','May-03-2024','21:52:02');
Insert into KAPEKWENTO.LOGS (LOG_ID,ACCOUNT_USER,ACTION,LOG_DATE,LOG_TIME) values (2333,'Owner','Has processed an order','May-03-2024','21:52:21');
Insert into KAPEKWENTO.LOGS (LOG_ID,ACCOUNT_USER,ACTION,LOG_DATE,LOG_TIME) values (2334,'Owner','Has logged out','May-03-2024','21:57:56');
Insert into KAPEKWENTO.LOGS (LOG_ID,ACCOUNT_USER,ACTION,LOG_DATE,LOG_TIME) values (2335,'Employee','Has logged in','May-03-2024','21:58:04');
Insert into KAPEKWENTO.LOGS (LOG_ID,ACCOUNT_USER,ACTION,LOG_DATE,LOG_TIME) values (2336,'Employee','Has logged out','May-03-2024','21:58:44');
Insert into KAPEKWENTO.LOGS (LOG_ID,ACCOUNT_USER,ACTION,LOG_DATE,LOG_TIME) values (2337,'Owner','Has logged in','May-03-2024','21:58:49');
Insert into KAPEKWENTO.LOGS (LOG_ID,ACCOUNT_USER,ACTION,LOG_DATE,LOG_TIME) values (2338,'Owner','Has logged out','May-03-2024','22:10:00');
REM INSERTING into KAPEKWENTO.PRODUCTS
SET DEFINE OFF;
Insert into KAPEKWENTO.PRODUCTS (PRODUCT_ID,PRODUCT_NAME,PRICE,CATEGORY) values (1,'Americano',100,'DRINK');
Insert into KAPEKWENTO.PRODUCTS (PRODUCT_ID,PRODUCT_NAME,PRICE,CATEGORY) values (2,'Americano(Iced)',110,'DRINK');
Insert into KAPEKWENTO.PRODUCTS (PRODUCT_ID,PRODUCT_NAME,PRICE,CATEGORY) values (3,'Latte',90,'DRINK');
Insert into KAPEKWENTO.PRODUCTS (PRODUCT_ID,PRODUCT_NAME,PRICE,CATEGORY) values (4,'Latte(Iced)',110,'DRINK');
Insert into KAPEKWENTO.PRODUCTS (PRODUCT_ID,PRODUCT_NAME,PRICE,CATEGORY) values (5,'Latte(Ice Blended)',130,'DRINK');
Insert into KAPEKWENTO.PRODUCTS (PRODUCT_ID,PRODUCT_NAME,PRICE,CATEGORY) values (6,'Mocha',100,'DRINK');
Insert into KAPEKWENTO.PRODUCTS (PRODUCT_ID,PRODUCT_NAME,PRICE,CATEGORY) values (7,'Mocha(Iced)',110,'DRINK');
Insert into KAPEKWENTO.PRODUCTS (PRODUCT_ID,PRODUCT_NAME,PRICE,CATEGORY) values (8,'Mocha(Ice Blended)',150,'DRINK');
Insert into KAPEKWENTO.PRODUCTS (PRODUCT_ID,PRODUCT_NAME,PRICE,CATEGORY) values (9,'Caramel Macchiato',90,'DRINK');
Insert into KAPEKWENTO.PRODUCTS (PRODUCT_ID,PRODUCT_NAME,PRICE,CATEGORY) values (10,'Caramel Macchiato(Iced)',110,'DRINK');
Insert into KAPEKWENTO.PRODUCTS (PRODUCT_ID,PRODUCT_NAME,PRICE,CATEGORY) values (11,'Caramel Macchiato(Ice Blended)',130,'DRINK');
Insert into KAPEKWENTO.PRODUCTS (PRODUCT_ID,PRODUCT_NAME,PRICE,CATEGORY) values (12,'Butterball Latte',90,'DRINK');
Insert into KAPEKWENTO.PRODUCTS (PRODUCT_ID,PRODUCT_NAME,PRICE,CATEGORY) values (13,'Butterball Latte(Iced)',110,'DRINK');
Insert into KAPEKWENTO.PRODUCTS (PRODUCT_ID,PRODUCT_NAME,PRICE,CATEGORY) values (14,'Butterball Latte(Ice Blended)',130,'DRINK');
Insert into KAPEKWENTO.PRODUCTS (PRODUCT_ID,PRODUCT_NAME,PRICE,CATEGORY) values (15,'Hazelnut Latte',90,'DRINK');
Insert into KAPEKWENTO.PRODUCTS (PRODUCT_ID,PRODUCT_NAME,PRICE,CATEGORY) values (16,'Hazelnut Latte(Iced)',110,'DRINK');
Insert into KAPEKWENTO.PRODUCTS (PRODUCT_ID,PRODUCT_NAME,PRICE,CATEGORY) values (17,'Hazelnut Latte(Ice Blended)',130,'DRINK');
Insert into KAPEKWENTO.PRODUCTS (PRODUCT_ID,PRODUCT_NAME,PRICE,CATEGORY) values (18,'Spanish Latte',90,'DRINK');
Insert into KAPEKWENTO.PRODUCTS (PRODUCT_ID,PRODUCT_NAME,PRICE,CATEGORY) values (19,'Spanish Latte(Iced)',110,'DRINK');
Insert into KAPEKWENTO.PRODUCTS (PRODUCT_ID,PRODUCT_NAME,PRICE,CATEGORY) values (20,'Spanish Latte(Ice Blended)',130,'DRINK');
Insert into KAPEKWENTO.PRODUCTS (PRODUCT_ID,PRODUCT_NAME,PRICE,CATEGORY) values (21,'Affogato',120,'DRINK');
Insert into KAPEKWENTO.PRODUCTS (PRODUCT_ID,PRODUCT_NAME,PRICE,CATEGORY) values (22,'Milo Dinosaur',130,'DRINK');
Insert into KAPEKWENTO.PRODUCTS (PRODUCT_ID,PRODUCT_NAME,PRICE,CATEGORY) values (23,'Oreo Delight',130,'DRINK');
Insert into KAPEKWENTO.PRODUCTS (PRODUCT_ID,PRODUCT_NAME,PRICE,CATEGORY) values (24,'Pour Over',70,'DRINK');
Insert into KAPEKWENTO.PRODUCTS (PRODUCT_ID,PRODUCT_NAME,PRICE,CATEGORY) values (25,'French Press',70,'DRINK');
Insert into KAPEKWENTO.PRODUCTS (PRODUCT_ID,PRODUCT_NAME,PRICE,CATEGORY) values (26,'Black Tea',70,'DRINK');
Insert into KAPEKWENTO.PRODUCTS (PRODUCT_ID,PRODUCT_NAME,PRICE,CATEGORY) values (27,'Hibiscus Iced Tea',100,'DRINK');
Insert into KAPEKWENTO.PRODUCTS (PRODUCT_ID,PRODUCT_NAME,PRICE,CATEGORY) values (28,'Raspberry Iced Tea',100,'DRINK');
Insert into KAPEKWENTO.PRODUCTS (PRODUCT_ID,PRODUCT_NAME,PRICE,CATEGORY) values (29,'Passionfruit Juice',100,'DRINK');
Insert into KAPEKWENTO.PRODUCTS (PRODUCT_ID,PRODUCT_NAME,PRICE,CATEGORY) values (30,'Banana Bread',60,'FOOD');
Insert into KAPEKWENTO.PRODUCTS (PRODUCT_ID,PRODUCT_NAME,PRICE,CATEGORY) values (31,'Brownies',70,'FOOD');
Insert into KAPEKWENTO.PRODUCTS (PRODUCT_ID,PRODUCT_NAME,PRICE,CATEGORY) values (32,'Chicken on Brioche',70,'FOOD');
Insert into KAPEKWENTO.PRODUCTS (PRODUCT_ID,PRODUCT_NAME,PRICE,CATEGORY) values (33,'Tuna Sandwich',70,'FOOD');
Insert into KAPEKWENTO.PRODUCTS (PRODUCT_ID,PRODUCT_NAME,PRICE,CATEGORY) values (34,'Belgian Waffle',100,'FOOD');
Insert into KAPEKWENTO.PRODUCTS (PRODUCT_ID,PRODUCT_NAME,PRICE,CATEGORY) values (35,'Blueberry Danish',110,'FOOD');
Insert into KAPEKWENTO.PRODUCTS (PRODUCT_ID,PRODUCT_NAME,PRICE,CATEGORY) values (36,'Tune Penne Pasta',130,'FOOD');
Insert into KAPEKWENTO.PRODUCTS (PRODUCT_ID,PRODUCT_NAME,PRICE,CATEGORY) values (37,'Baked Macaroni',130,'FOOD');
Insert into KAPEKWENTO.PRODUCTS (PRODUCT_ID,PRODUCT_NAME,PRICE,CATEGORY) values (38,'Chocolate Cake',125,'FOOD');
Insert into KAPEKWENTO.PRODUCTS (PRODUCT_ID,PRODUCT_NAME,PRICE,CATEGORY) values (99,'Mango Shake',29,'DRINK');
Insert into KAPEKWENTO.PRODUCTS (PRODUCT_ID,PRODUCT_NAME,PRICE,CATEGORY) values (119,'Strawberry Shake',29,'DRINK');
Insert into KAPEKWENTO.PRODUCTS (PRODUCT_ID,PRODUCT_NAME,PRICE,CATEGORY) values (120,'Americano(Medium)',110,'DRINK');
REM INSERTING into KAPEKWENTO.PRODUCT_ING
SET DEFINE OFF;
Insert into KAPEKWENTO.PRODUCT_ING (INGREDIENT_ID,PRODUCT_ID,RAW_ID,QUANTITY) values (1,1,1,250);
Insert into KAPEKWENTO.PRODUCT_ING (INGREDIENT_ID,PRODUCT_ID,RAW_ID,QUANTITY) values (2,1,7,100);
Insert into KAPEKWENTO.PRODUCT_ING (INGREDIENT_ID,PRODUCT_ID,RAW_ID,QUANTITY) values (3,2,1,50);
Insert into KAPEKWENTO.PRODUCT_ING (INGREDIENT_ID,PRODUCT_ID,RAW_ID,QUANTITY) values (4,2,7,100);
Insert into KAPEKWENTO.PRODUCT_ING (INGREDIENT_ID,PRODUCT_ID,RAW_ID,QUANTITY) values (5,2,9,5);
Insert into KAPEKWENTO.PRODUCT_ING (INGREDIENT_ID,PRODUCT_ID,RAW_ID,QUANTITY) values (242,99,2,500);
Insert into KAPEKWENTO.PRODUCT_ING (INGREDIENT_ID,PRODUCT_ID,RAW_ID,QUANTITY) values (7,3,2,50);
Insert into KAPEKWENTO.PRODUCT_ING (INGREDIENT_ID,PRODUCT_ID,RAW_ID,QUANTITY) values (8,4,8,30);
Insert into KAPEKWENTO.PRODUCT_ING (INGREDIENT_ID,PRODUCT_ID,RAW_ID,QUANTITY) values (9,4,2,40);
Insert into KAPEKWENTO.PRODUCT_ING (INGREDIENT_ID,PRODUCT_ID,RAW_ID,QUANTITY) values (10,4,9,3);
Insert into KAPEKWENTO.PRODUCT_ING (INGREDIENT_ID,PRODUCT_ID,RAW_ID,QUANTITY) values (44,10,7,100);
Insert into KAPEKWENTO.PRODUCT_ING (INGREDIENT_ID,PRODUCT_ID,RAW_ID,QUANTITY) values (62,5,7,100);
Insert into KAPEKWENTO.PRODUCT_ING (INGREDIENT_ID,PRODUCT_ID,RAW_ID,QUANTITY) values (42,10,8,50);
Insert into KAPEKWENTO.PRODUCT_ING (INGREDIENT_ID,PRODUCT_ID,RAW_ID,QUANTITY) values (43,10,10,5);
Insert into KAPEKWENTO.PRODUCT_ING (INGREDIENT_ID,PRODUCT_ID,RAW_ID,QUANTITY) values (63,6,7,250);
Insert into KAPEKWENTO.PRODUCT_ING (INGREDIENT_ID,PRODUCT_ID,RAW_ID,QUANTITY) values (64,7,7,250);
Insert into KAPEKWENTO.PRODUCT_ING (INGREDIENT_ID,PRODUCT_ID,RAW_ID,QUANTITY) values (65,8,7,250);
Insert into KAPEKWENTO.PRODUCT_ING (INGREDIENT_ID,PRODUCT_ID,RAW_ID,QUANTITY) values (66,9,7,250);
Insert into KAPEKWENTO.PRODUCT_ING (INGREDIENT_ID,PRODUCT_ID,RAW_ID,QUANTITY) values (67,11,7,250);
Insert into KAPEKWENTO.PRODUCT_ING (INGREDIENT_ID,PRODUCT_ID,RAW_ID,QUANTITY) values (68,12,7,250);
Insert into KAPEKWENTO.PRODUCT_ING (INGREDIENT_ID,PRODUCT_ID,RAW_ID,QUANTITY) values (69,13,7,250);
Insert into KAPEKWENTO.PRODUCT_ING (INGREDIENT_ID,PRODUCT_ID,RAW_ID,QUANTITY) values (70,14,7,250);
Insert into KAPEKWENTO.PRODUCT_ING (INGREDIENT_ID,PRODUCT_ID,RAW_ID,QUANTITY) values (82,15,7,250);
Insert into KAPEKWENTO.PRODUCT_ING (INGREDIENT_ID,PRODUCT_ID,RAW_ID,QUANTITY) values (83,16,7,250);
Insert into KAPEKWENTO.PRODUCT_ING (INGREDIENT_ID,PRODUCT_ID,RAW_ID,QUANTITY) values (84,17,7,250);
Insert into KAPEKWENTO.PRODUCT_ING (INGREDIENT_ID,PRODUCT_ID,RAW_ID,QUANTITY) values (85,18,7,250);
Insert into KAPEKWENTO.PRODUCT_ING (INGREDIENT_ID,PRODUCT_ID,RAW_ID,QUANTITY) values (86,19,7,250);
Insert into KAPEKWENTO.PRODUCT_ING (INGREDIENT_ID,PRODUCT_ID,RAW_ID,QUANTITY) values (87,20,7,250);
Insert into KAPEKWENTO.PRODUCT_ING (INGREDIENT_ID,PRODUCT_ID,RAW_ID,QUANTITY) values (88,21,7,250);
Insert into KAPEKWENTO.PRODUCT_ING (INGREDIENT_ID,PRODUCT_ID,RAW_ID,QUANTITY) values (89,22,5,250);
Insert into KAPEKWENTO.PRODUCT_ING (INGREDIENT_ID,PRODUCT_ID,RAW_ID,QUANTITY) values (90,22,7,250);
Insert into KAPEKWENTO.PRODUCT_ING (INGREDIENT_ID,PRODUCT_ID,RAW_ID,QUANTITY) values (91,23,2,250);
Insert into KAPEKWENTO.PRODUCT_ING (INGREDIENT_ID,PRODUCT_ID,RAW_ID,QUANTITY) values (92,24,7,250);
Insert into KAPEKWENTO.PRODUCT_ING (INGREDIENT_ID,PRODUCT_ID,RAW_ID,QUANTITY) values (93,25,7,250);
Insert into KAPEKWENTO.PRODUCT_ING (INGREDIENT_ID,PRODUCT_ID,RAW_ID,QUANTITY) values (94,26,6,50);
Insert into KAPEKWENTO.PRODUCT_ING (INGREDIENT_ID,PRODUCT_ID,RAW_ID,QUANTITY) values (95,26,7,250);
Insert into KAPEKWENTO.PRODUCT_ING (INGREDIENT_ID,PRODUCT_ID,RAW_ID,QUANTITY) values (96,27,6,50);
Insert into KAPEKWENTO.PRODUCT_ING (INGREDIENT_ID,PRODUCT_ID,RAW_ID,QUANTITY) values (97,27,7,250);
Insert into KAPEKWENTO.PRODUCT_ING (INGREDIENT_ID,PRODUCT_ID,RAW_ID,QUANTITY) values (98,28,7,250);
Insert into KAPEKWENTO.PRODUCT_ING (INGREDIENT_ID,PRODUCT_ID,RAW_ID,QUANTITY) values (99,28,6,50);
Insert into KAPEKWENTO.PRODUCT_ING (INGREDIENT_ID,PRODUCT_ID,RAW_ID,QUANTITY) values (100,29,7,250);
Insert into KAPEKWENTO.PRODUCT_ING (INGREDIENT_ID,PRODUCT_ID,RAW_ID,QUANTITY) values (101,30,36,200);
Insert into KAPEKWENTO.PRODUCT_ING (INGREDIENT_ID,PRODUCT_ID,RAW_ID,QUANTITY) values (102,31,36,200);
Insert into KAPEKWENTO.PRODUCT_ING (INGREDIENT_ID,PRODUCT_ID,RAW_ID,QUANTITY) values (103,32,35,2);
Insert into KAPEKWENTO.PRODUCT_ING (INGREDIENT_ID,PRODUCT_ID,RAW_ID,QUANTITY) values (104,33,35,2);
Insert into KAPEKWENTO.PRODUCT_ING (INGREDIENT_ID,PRODUCT_ID,RAW_ID,QUANTITY) values (105,34,36,150);
Insert into KAPEKWENTO.PRODUCT_ING (INGREDIENT_ID,PRODUCT_ID,RAW_ID,QUANTITY) values (106,35,36,200);
Insert into KAPEKWENTO.PRODUCT_ING (INGREDIENT_ID,PRODUCT_ID,RAW_ID,QUANTITY) values (122,36,55,200);
Insert into KAPEKWENTO.PRODUCT_ING (INGREDIENT_ID,PRODUCT_ID,RAW_ID,QUANTITY) values (123,37,13,300);
Insert into KAPEKWENTO.PRODUCT_ING (INGREDIENT_ID,PRODUCT_ID,RAW_ID,QUANTITY) values (124,38,36,250);
Insert into KAPEKWENTO.PRODUCT_ING (INGREDIENT_ID,PRODUCT_ID,RAW_ID,QUANTITY) values (142,12,9,50);
Insert into KAPEKWENTO.PRODUCT_ING (INGREDIENT_ID,PRODUCT_ID,RAW_ID,QUANTITY) values (222,1,4,10);
Insert into KAPEKWENTO.PRODUCT_ING (INGREDIENT_ID,PRODUCT_ID,RAW_ID,QUANTITY) values (262,119,2,50);
Insert into KAPEKWENTO.PRODUCT_ING (INGREDIENT_ID,PRODUCT_ID,RAW_ID,QUANTITY) values (162,3,9,30);
Insert into KAPEKWENTO.PRODUCT_ING (INGREDIENT_ID,PRODUCT_ID,RAW_ID,QUANTITY) values (263,119,10,5);
Insert into KAPEKWENTO.PRODUCT_ING (INGREDIENT_ID,PRODUCT_ID,RAW_ID,QUANTITY) values (264,120,1,550);
Insert into KAPEKWENTO.PRODUCT_ING (INGREDIENT_ID,PRODUCT_ID,RAW_ID,QUANTITY) values (265,120,176,1);
Insert into KAPEKWENTO.PRODUCT_ING (INGREDIENT_ID,PRODUCT_ID,RAW_ID,QUANTITY) values (266,120,7,500);
Insert into KAPEKWENTO.PRODUCT_ING (INGREDIENT_ID,PRODUCT_ID,RAW_ID,QUANTITY) values (267,120,2,200);
REM INSERTING into KAPEKWENTO.RAW_LOGS
SET DEFINE OFF;
Insert into KAPEKWENTO.RAW_LOGS (LOG_ID,ACCOUNT_USER,RAW_NAME,MODIFICATION,QUANTITY,CAPACITY,MEASURE,PRICE,EXPIRATION,LOG_DATE,LOG_TIME) values (342,'Owner','Almond Milk','Has updated a raw material',10000,100000,'ML',2000,'May-03-2026','May-03-2024','21:32:39');
Insert into KAPEKWENTO.RAW_LOGS (LOG_ID,ACCOUNT_USER,RAW_NAME,MODIFICATION,QUANTITY,CAPACITY,MEASURE,PRICE,EXPIRATION,LOG_DATE,LOG_TIME) values (343,'Owner','Almond Milk','Has updated a raw material',0,100000,'ML',2000,'May-03-2026','May-03-2024','21:33:18');
Insert into KAPEKWENTO.RAW_LOGS (LOG_ID,ACCOUNT_USER,RAW_NAME,MODIFICATION,QUANTITY,CAPACITY,MEASURE,PRICE,EXPIRATION,LOG_DATE,LOG_TIME) values (321,'Owner','Soy Milk','Has added raw material/s',10000,10000,'ML',1500,'May-02-2027','May-02-2024','16:34:45');
Insert into KAPEKWENTO.RAW_LOGS (LOG_ID,ACCOUNT_USER,RAW_NAME,MODIFICATION,QUANTITY,CAPACITY,MEASURE,PRICE,EXPIRATION,LOG_DATE,LOG_TIME) values (341,'Owner','Almond Milk','Has added raw material/s',100000,100000,'ML',2000,'May-03-2026','May-03-2024','21:30:50');
Insert into KAPEKWENTO.RAW_LOGS (LOG_ID,ACCOUNT_USER,RAW_NAME,MODIFICATION,QUANTITY,CAPACITY,MEASURE,PRICE,EXPIRATION,LOG_DATE,LOG_TIME) values (344,'Owner','Almond Milk','Has updated a raw material',100001,100000,'ML',2000,'May-03-2026','May-03-2024','21:34:06');
Insert into KAPEKWENTO.RAW_LOGS (LOG_ID,ACCOUNT_USER,RAW_NAME,MODIFICATION,QUANTITY,CAPACITY,MEASURE,PRICE,EXPIRATION,LOG_DATE,LOG_TIME) values (345,'Owner','Medium Cups','Has added raw material/s',100,100,'Piece/s',500,'No Expiration','May-03-2024','21:51:16');
REM INSERTING into KAPEKWENTO.RAW_LOSS_DAMAGE
SET DEFINE OFF;
Insert into KAPEKWENTO.RAW_LOSS_DAMAGE (LOSSDMG_ID,RAW_NAME,QUANTITY,MEASURE,PRICE,STATUS,LOSSDMG_DATE) values (2,'Ice',999,'Piece/s',50,'Loss','May-05-2023');
Insert into KAPEKWENTO.RAW_LOSS_DAMAGE (LOSSDMG_ID,RAW_NAME,QUANTITY,MEASURE,PRICE,STATUS,LOSSDMG_DATE) values (3,'Coffee Beans',1000,'Grams',100,'Damaged','May-05-2023');
Insert into KAPEKWENTO.RAW_LOSS_DAMAGE (LOSSDMG_ID,RAW_NAME,QUANTITY,MEASURE,PRICE,STATUS,LOSSDMG_DATE) values (4,'Water',1000,'ML',150,'Loss','May-05-2023');
Insert into KAPEKWENTO.RAW_LOSS_DAMAGE (LOSSDMG_ID,RAW_NAME,QUANTITY,MEASURE,PRICE,STATUS,LOSSDMG_DATE) values (5,'Coffee Beans',400,'Grams',40,'Damaged','May-05-2023');
Insert into KAPEKWENTO.RAW_LOSS_DAMAGE (LOSSDMG_ID,RAW_NAME,QUANTITY,MEASURE,PRICE,STATUS,LOSSDMG_DATE) values (6,'Coffee Beans',1000,'Grams',100,'Damaged','May-05-2023');
Insert into KAPEKWENTO.RAW_LOSS_DAMAGE (LOSSDMG_ID,RAW_NAME,QUANTITY,MEASURE,PRICE,STATUS,LOSSDMG_DATE) values (7,'Water',200,'ML',50,'Loss','May-05-2023');
Insert into KAPEKWENTO.RAW_LOSS_DAMAGE (LOSSDMG_ID,RAW_NAME,QUANTITY,MEASURE,PRICE,STATUS,LOSSDMG_DATE) values (8,'Coffee Beans',1000,'Grams',100,'Loss','May-05-2023');
Insert into KAPEKWENTO.RAW_LOSS_DAMAGE (LOSSDMG_ID,RAW_NAME,QUANTITY,MEASURE,PRICE,STATUS,LOSSDMG_DATE) values (21,'Coffee Beans',950,'Grams',100,'Damaged','May-05-2023');
Insert into KAPEKWENTO.RAW_LOSS_DAMAGE (LOSSDMG_ID,RAW_NAME,QUANTITY,MEASURE,PRICE,STATUS,LOSSDMG_DATE) values (22,'Coffee Beans',800,'Grams',80,'Damaged','May-05-2023');
Insert into KAPEKWENTO.RAW_LOSS_DAMAGE (LOSSDMG_ID,RAW_NAME,QUANTITY,MEASURE,PRICE,STATUS,LOSSDMG_DATE) values (41,'Coffee Beans',350,'Grams',100,'Loss','May-05-2023');
Insert into KAPEKWENTO.RAW_LOSS_DAMAGE (LOSSDMG_ID,RAW_NAME,QUANTITY,MEASURE,PRICE,STATUS,LOSSDMG_DATE) values (42,'Coffee Beans',1000,'Grams',100,'Loss','May-05-2023');
Insert into KAPEKWENTO.RAW_LOSS_DAMAGE (LOSSDMG_ID,RAW_NAME,QUANTITY,MEASURE,PRICE,STATUS,LOSSDMG_DATE) values (43,'Espresso',990,'Grams',400,'Loss','May-05-2023');
Insert into KAPEKWENTO.RAW_LOSS_DAMAGE (LOSSDMG_ID,RAW_NAME,QUANTITY,MEASURE,PRICE,STATUS,LOSSDMG_DATE) values (61,'Milk',370,'ML',50,'Loss','May-05-2023');
Insert into KAPEKWENTO.RAW_LOSS_DAMAGE (LOSSDMG_ID,RAW_NAME,QUANTITY,MEASURE,PRICE,STATUS,LOSSDMG_DATE) values (62,'Milk',1000,'ML',1000,'Damaged','May-05-2023');
Insert into KAPEKWENTO.RAW_LOSS_DAMAGE (LOSSDMG_ID,RAW_NAME,QUANTITY,MEASURE,PRICE,STATUS,LOSSDMG_DATE) values (63,'Pasta',1000,'Grams',500,'Expired','May-05-2023');
Insert into KAPEKWENTO.RAW_LOSS_DAMAGE (LOSSDMG_ID,RAW_NAME,QUANTITY,MEASURE,PRICE,STATUS,LOSSDMG_DATE) values (64,'Pasta',1000,'Grams',500,'Expired','May-05-2023');
Insert into KAPEKWENTO.RAW_LOSS_DAMAGE (LOSSDMG_ID,RAW_NAME,QUANTITY,MEASURE,PRICE,STATUS,LOSSDMG_DATE) values (65,'Flour',1000,'Grams',200,'Expired','May-05-2023');
Insert into KAPEKWENTO.RAW_LOSS_DAMAGE (LOSSDMG_ID,RAW_NAME,QUANTITY,MEASURE,PRICE,STATUS,LOSSDMG_DATE) values (66,'Coffee Beans',950,'Grams',100,'Loss','May-05-2023');
Insert into KAPEKWENTO.RAW_LOSS_DAMAGE (LOSSDMG_ID,RAW_NAME,QUANTITY,MEASURE,PRICE,STATUS,LOSSDMG_DATE) values (81,'Coffee Beans',4950,'Grams',200,'Loss','May-07-2023');
Insert into KAPEKWENTO.RAW_LOSS_DAMAGE (LOSSDMG_ID,RAW_NAME,QUANTITY,MEASURE,PRICE,STATUS,LOSSDMG_DATE) values (82,'Chocolate',10000,'Grams',720,'Damaged','May-07-2023');
Insert into KAPEKWENTO.RAW_LOSS_DAMAGE (LOSSDMG_ID,RAW_NAME,QUANTITY,MEASURE,PRICE,STATUS,LOSSDMG_DATE) values (83,'Water',9100,'ML',50,'Damaged','May-07-2023');
Insert into KAPEKWENTO.RAW_LOSS_DAMAGE (LOSSDMG_ID,RAW_NAME,QUANTITY,MEASURE,PRICE,STATUS,LOSSDMG_DATE) values (101,'Coffee Beans',9650,'Grams',400,'Damaged','May-07-2023');
Insert into KAPEKWENTO.RAW_LOSS_DAMAGE (LOSSDMG_ID,RAW_NAME,QUANTITY,MEASURE,PRICE,STATUS,LOSSDMG_DATE) values (102,'Macaroni',9000,'Grams',250,'Loss','May-07-2023');
Insert into KAPEKWENTO.RAW_LOSS_DAMAGE (LOSSDMG_ID,RAW_NAME,QUANTITY,MEASURE,PRICE,STATUS,LOSSDMG_DATE) values (103,'Salt',10000,'Grams',125,'Loss','May-08-2023');
Insert into KAPEKWENTO.RAW_LOSS_DAMAGE (LOSSDMG_ID,RAW_NAME,QUANTITY,MEASURE,PRICE,STATUS,LOSSDMG_DATE) values (104,'Coffee Beans',10100,'Grams',400,'Damaged','May-08-2023');
Insert into KAPEKWENTO.RAW_LOSS_DAMAGE (LOSSDMG_ID,RAW_NAME,QUANTITY,MEASURE,PRICE,STATUS,LOSSDMG_DATE) values (105,'Macaroni',1000,'Grams',125,'Loss','May-08-2023');
Insert into KAPEKWENTO.RAW_LOSS_DAMAGE (LOSSDMG_ID,RAW_NAME,QUANTITY,MEASURE,PRICE,STATUS,LOSSDMG_DATE) values (121,'Milo',7750,'Grams',170,'Loss','May-08-2023');
Insert into KAPEKWENTO.RAW_LOSS_DAMAGE (LOSSDMG_ID,RAW_NAME,QUANTITY,MEASURE,PRICE,STATUS,LOSSDMG_DATE) values (122,'Bread',90,'Piece/s',200,'Damaged','May-08-2023');
Insert into KAPEKWENTO.RAW_LOSS_DAMAGE (LOSSDMG_ID,RAW_NAME,QUANTITY,MEASURE,PRICE,STATUS,LOSSDMG_DATE) values (123,'Macaroni',9900,'Grams',250,'Damaged','May-08-2023');
Insert into KAPEKWENTO.RAW_LOSS_DAMAGE (LOSSDMG_ID,RAW_NAME,QUANTITY,MEASURE,PRICE,STATUS,LOSSDMG_DATE) values (124,'Bread',10,'Piece/s',20,'Damaged','May-08-2023');
Insert into KAPEKWENTO.RAW_LOSS_DAMAGE (LOSSDMG_ID,RAW_NAME,QUANTITY,MEASURE,PRICE,STATUS,LOSSDMG_DATE) values (125,'Chocolate',1,'Grams',1,'Damaged','May-08-2023');
Insert into KAPEKWENTO.RAW_LOSS_DAMAGE (LOSSDMG_ID,RAW_NAME,QUANTITY,MEASURE,PRICE,STATUS,LOSSDMG_DATE) values (126,'Bread',100,'Piece/s',200,'Damaged','May-08-2023');
Insert into KAPEKWENTO.RAW_LOSS_DAMAGE (LOSSDMG_ID,RAW_NAME,QUANTITY,MEASURE,PRICE,STATUS,LOSSDMG_DATE) values (127,'Bread',1,'Piece/s',2,'Damaged','May-08-2023');
Insert into KAPEKWENTO.RAW_LOSS_DAMAGE (LOSSDMG_ID,RAW_NAME,QUANTITY,MEASURE,PRICE,STATUS,LOSSDMG_DATE) values (128,'Chocolate',10000,'Grams',800,'Damaged','May-08-2023');
Insert into KAPEKWENTO.RAW_LOSS_DAMAGE (LOSSDMG_ID,RAW_NAME,QUANTITY,MEASURE,PRICE,STATUS,LOSSDMG_DATE) values (129,'Bread',100,'Piece/s',200,'Damaged','May-08-2023');
Insert into KAPEKWENTO.RAW_LOSS_DAMAGE (LOSSDMG_ID,RAW_NAME,QUANTITY,MEASURE,PRICE,STATUS,LOSSDMG_DATE) values (130,'Brown Sugar',9000,'Grams',200,'Damaged','May-08-2023');
Insert into KAPEKWENTO.RAW_LOSS_DAMAGE (LOSSDMG_ID,RAW_NAME,QUANTITY,MEASURE,PRICE,STATUS,LOSSDMG_DATE) values (131,'Milo',1,'Grams',1,'Damaged','May-08-2023');
Insert into KAPEKWENTO.RAW_LOSS_DAMAGE (LOSSDMG_ID,RAW_NAME,QUANTITY,MEASURE,PRICE,STATUS,LOSSDMG_DATE) values (132,'Bread',5940,'Piece/s',1000,'Damaged','May-08-2023');
Insert into KAPEKWENTO.RAW_LOSS_DAMAGE (LOSSDMG_ID,RAW_NAME,QUANTITY,MEASURE,PRICE,STATUS,LOSSDMG_DATE) values (141,'Chocolate',10000,'Grams',800,'Damaged','May-09-2023');
Insert into KAPEKWENTO.RAW_LOSS_DAMAGE (LOSSDMG_ID,RAW_NAME,QUANTITY,MEASURE,PRICE,STATUS,LOSSDMG_DATE) values (142,'Kayo',100,'Piece/s',10,'Damaged','May-09-2023');
Insert into KAPEKWENTO.RAW_LOSS_DAMAGE (LOSSDMG_ID,RAW_NAME,QUANTITY,MEASURE,PRICE,STATUS,LOSSDMG_DATE) values (161,'Water',8750,'ML',100,'Loss','May-09-2023');
Insert into KAPEKWENTO.RAW_LOSS_DAMAGE (LOSSDMG_ID,RAW_NAME,QUANTITY,MEASURE,PRICE,STATUS,LOSSDMG_DATE) values (162,'Brown Sugar',5000,'Grams',200,'Damaged','May-09-2023');
Insert into KAPEKWENTO.RAW_LOSS_DAMAGE (LOSSDMG_ID,RAW_NAME,QUANTITY,MEASURE,PRICE,STATUS,LOSSDMG_DATE) values (163,'Tea',100,'Grams',50,'Damaged','May-09-2023');
Insert into KAPEKWENTO.RAW_LOSS_DAMAGE (LOSSDMG_ID,RAW_NAME,QUANTITY,MEASURE,PRICE,STATUS,LOSSDMG_DATE) values (181,'Espresso',10000,'Grams',100,'Loss','May-09-2023');
Insert into KAPEKWENTO.RAW_LOSS_DAMAGE (LOSSDMG_ID,RAW_NAME,QUANTITY,MEASURE,PRICE,STATUS,LOSSDMG_DATE) values (201,'Coffee Beans',1150,'Grams',500,'Loss','April-28-2024');
Insert into KAPEKWENTO.RAW_LOSS_DAMAGE (LOSSDMG_ID,RAW_NAME,QUANTITY,MEASURE,PRICE,STATUS,LOSSDMG_DATE) values (221,'Coffee Beans',8500,'Grams',1200,'Damaged','April-30-2024');
Insert into KAPEKWENTO.RAW_LOSS_DAMAGE (LOSSDMG_ID,RAW_NAME,QUANTITY,MEASURE,PRICE,STATUS,LOSSDMG_DATE) values (222,'Asdasdasd',15000,'Piece/s',1000,'Loss','April-30-2024');
Insert into KAPEKWENTO.RAW_LOSS_DAMAGE (LOSSDMG_ID,RAW_NAME,QUANTITY,MEASURE,PRICE,STATUS,LOSSDMG_DATE) values (223,'Asdasdasd',30000,'Piece/s',5000,'Damaged','April-30-2024');
Insert into KAPEKWENTO.RAW_LOSS_DAMAGE (LOSSDMG_ID,RAW_NAME,QUANTITY,MEASURE,PRICE,STATUS,LOSSDMG_DATE) values (224,'Asdasdasd',10000,'Piece/s',1500,'Loss','April-30-2024');
Insert into KAPEKWENTO.RAW_LOSS_DAMAGE (LOSSDMG_ID,RAW_NAME,QUANTITY,MEASURE,PRICE,STATUS,LOSSDMG_DATE) values (225,'Milk',930,'ML',200,'Loss','April-30-2024');
Insert into KAPEKWENTO.RAW_LOSS_DAMAGE (LOSSDMG_ID,RAW_NAME,QUANTITY,MEASURE,PRICE,STATUS,LOSSDMG_DATE) values (226,'Asadsadsad',1000,'Grams',500,'Expired','May-01-2024');
Insert into KAPEKWENTO.RAW_LOSS_DAMAGE (LOSSDMG_ID,RAW_NAME,QUANTITY,MEASURE,PRICE,STATUS,LOSSDMG_DATE) values (241,'Asdasda',500,'Grams',1230,'Loss','May-01-2024');
Insert into KAPEKWENTO.RAW_LOSS_DAMAGE (LOSSDMG_ID,RAW_NAME,QUANTITY,MEASURE,PRICE,STATUS,LOSSDMG_DATE) values (242,'Water',5900,'ML',200,'Damaged','May-01-2024');
Insert into KAPEKWENTO.RAW_LOSS_DAMAGE (LOSSDMG_ID,RAW_NAME,QUANTITY,MEASURE,PRICE,STATUS,LOSSDMG_DATE) values (261,'Almond Milk',90000,'ML',1900,'Loss','May-03-2024');
Insert into KAPEKWENTO.RAW_LOSS_DAMAGE (LOSSDMG_ID,RAW_NAME,QUANTITY,MEASURE,PRICE,STATUS,LOSSDMG_DATE) values (262,'Almond Milk',10000,'ML',100,'Loss','May-03-2024');
REM INSERTING into KAPEKWENTO.RAW_MATERIALS
SET DEFINE OFF;
Insert into KAPEKWENTO.RAW_MATERIALS (RAW_ID,RAW_NAME,QUANTITY,CAPACITY,MEASURE,PRICE,EXPIRATION) values (1,'Coffee Beans',7450,10000,'Grams',400,'04-28-2025');
Insert into KAPEKWENTO.RAW_MATERIALS (RAW_ID,RAW_NAME,QUANTITY,CAPACITY,MEASURE,PRICE,EXPIRATION) values (2,'Milk',9360,10000,'ML',275,'04-28-2025');
Insert into KAPEKWENTO.RAW_MATERIALS (RAW_ID,RAW_NAME,QUANTITY,CAPACITY,MEASURE,PRICE,EXPIRATION) values (3,'Creamer',10000,10000,'Grams',200,'04-28-2025');
Insert into KAPEKWENTO.RAW_MATERIALS (RAW_ID,RAW_NAME,QUANTITY,CAPACITY,MEASURE,PRICE,EXPIRATION) values (4,'Sugar',9960,10000,'Grams',200,'04-28-2025');
Insert into KAPEKWENTO.RAW_MATERIALS (RAW_ID,RAW_NAME,QUANTITY,CAPACITY,MEASURE,PRICE,EXPIRATION) values (5,'Milo',10000,10000,'Grams',300,'04-28-2025');
Insert into KAPEKWENTO.RAW_MATERIALS (RAW_ID,RAW_NAME,QUANTITY,CAPACITY,MEASURE,PRICE,EXPIRATION) values (6,'Tea',10000,10000,'Grams',350,'04-28-2025');
Insert into KAPEKWENTO.RAW_MATERIALS (RAW_ID,RAW_NAME,QUANTITY,CAPACITY,MEASURE,PRICE,EXPIRATION) values (7,'Water',6550,10000,'ML',150,'No Expiration');
Insert into KAPEKWENTO.RAW_MATERIALS (RAW_ID,RAW_NAME,QUANTITY,CAPACITY,MEASURE,PRICE,EXPIRATION) values (8,'Brown Sugar',9970,10000,'Grams',225,'05-04-2025');
Insert into KAPEKWENTO.RAW_MATERIALS (RAW_ID,RAW_NAME,QUANTITY,CAPACITY,MEASURE,PRICE,EXPIRATION) values (9,'Espresso',9887,10000,'Grams',400,'04-28-2025');
Insert into KAPEKWENTO.RAW_MATERIALS (RAW_ID,RAW_NAME,QUANTITY,CAPACITY,MEASURE,PRICE,EXPIRATION) values (10,'Ice',95,100,'Piece/s',50,'No Expiration');
Insert into KAPEKWENTO.RAW_MATERIALS (RAW_ID,RAW_NAME,QUANTITY,CAPACITY,MEASURE,PRICE,EXPIRATION) values (11,'Salt',10000,10000,'Grams',125,'No Expiration');
Insert into KAPEKWENTO.RAW_MATERIALS (RAW_ID,RAW_NAME,QUANTITY,CAPACITY,MEASURE,PRICE,EXPIRATION) values (12,'Red Sugar',10000,10000,'Grams',325,'No Expiration');
Insert into KAPEKWENTO.RAW_MATERIALS (RAW_ID,RAW_NAME,QUANTITY,CAPACITY,MEASURE,PRICE,EXPIRATION) values (13,'Macaroni',10000,10000,'Grams',275,'07-16-2025');
Insert into KAPEKWENTO.RAW_MATERIALS (RAW_ID,RAW_NAME,QUANTITY,CAPACITY,MEASURE,PRICE,EXPIRATION) values (35,'Bread',100,100,'Piece/s',225,'05-20-2023');
Insert into KAPEKWENTO.RAW_MATERIALS (RAW_ID,RAW_NAME,QUANTITY,CAPACITY,MEASURE,PRICE,EXPIRATION) values (75,'Chocolate',10000,10000,'Grams',800,'May-07-2025');
Insert into KAPEKWENTO.RAW_MATERIALS (RAW_ID,RAW_NAME,QUANTITY,CAPACITY,MEASURE,PRICE,EXPIRATION) values (115,'Flour',10000,10000,'Grams',700,'No Expiration');
Insert into KAPEKWENTO.RAW_MATERIALS (RAW_ID,RAW_NAME,QUANTITY,CAPACITY,MEASURE,PRICE,EXPIRATION) values (155,'Soy Milk',10000,10000,'ML',1500,'May-02-2027');
Insert into KAPEKWENTO.RAW_MATERIALS (RAW_ID,RAW_NAME,QUANTITY,CAPACITY,MEASURE,PRICE,EXPIRATION) values (175,'Almond Milk',100001,100000,'ML',2000,'May-03-2026');
Insert into KAPEKWENTO.RAW_MATERIALS (RAW_ID,RAW_NAME,QUANTITY,CAPACITY,MEASURE,PRICE,EXPIRATION) values (176,'Medium Cups',99,100,'Piece/s',500,'No Expiration');
REM INSERTING into KAPEKWENTO.TRANSACTIONS
SET DEFINE OFF;
Insert into KAPEKWENTO.TRANSACTIONS (TRANSACTION_ID,ORDER_ID,PRODUCT_ID,QUANTITY,PRICE,TRANSACTION_TIME,TRANSACTION_MONTH,TRANSACTION_DAY,TRANSACTION_YEAR) values (483,1,12,1,90,'16:33:23','May','02','2024');
Insert into KAPEKWENTO.TRANSACTIONS (TRANSACTION_ID,ORDER_ID,PRODUCT_ID,QUANTITY,PRICE,TRANSACTION_TIME,TRANSACTION_MONTH,TRANSACTION_DAY,TRANSACTION_YEAR) values (484,1,16,1,110,'16:33:23','May','02','2024');
Insert into KAPEKWENTO.TRANSACTIONS (TRANSACTION_ID,ORDER_ID,PRODUCT_ID,QUANTITY,PRICE,TRANSACTION_TIME,TRANSACTION_MONTH,TRANSACTION_DAY,TRANSACTION_YEAR) values (485,2,5,2,260,'16:33:33','May','02','2024');
Insert into KAPEKWENTO.TRANSACTIONS (TRANSACTION_ID,ORDER_ID,PRODUCT_ID,QUANTITY,PRICE,TRANSACTION_TIME,TRANSACTION_MONTH,TRANSACTION_DAY,TRANSACTION_YEAR) values (486,2,17,2,260,'16:33:33','May','02','2024');
Insert into KAPEKWENTO.TRANSACTIONS (TRANSACTION_ID,ORDER_ID,PRODUCT_ID,QUANTITY,PRICE,TRANSACTION_TIME,TRANSACTION_MONTH,TRANSACTION_DAY,TRANSACTION_YEAR) values (487,2,23,1,130,'16:33:33','May','02','2024');
Insert into KAPEKWENTO.TRANSACTIONS (TRANSACTION_ID,ORDER_ID,PRODUCT_ID,QUANTITY,PRICE,TRANSACTION_TIME,TRANSACTION_MONTH,TRANSACTION_DAY,TRANSACTION_YEAR) values (488,3,21,1,120,'16:33:43','May','02','2024');
Insert into KAPEKWENTO.TRANSACTIONS (TRANSACTION_ID,ORDER_ID,PRODUCT_ID,QUANTITY,PRICE,TRANSACTION_TIME,TRANSACTION_MONTH,TRANSACTION_DAY,TRANSACTION_YEAR) values (489,3,4,1,110,'16:33:43','May','02','2024');
Insert into KAPEKWENTO.TRANSACTIONS (TRANSACTION_ID,ORDER_ID,PRODUCT_ID,QUANTITY,PRICE,TRANSACTION_TIME,TRANSACTION_MONTH,TRANSACTION_DAY,TRANSACTION_YEAR) values (490,3,16,2,220,'16:33:43','May','02','2024');
Insert into KAPEKWENTO.TRANSACTIONS (TRANSACTION_ID,ORDER_ID,PRODUCT_ID,QUANTITY,PRICE,TRANSACTION_TIME,TRANSACTION_MONTH,TRANSACTION_DAY,TRANSACTION_YEAR) values (491,3,30,1,60,'16:33:43','May','02','2024');
Insert into KAPEKWENTO.TRANSACTIONS (TRANSACTION_ID,ORDER_ID,PRODUCT_ID,QUANTITY,PRICE,TRANSACTION_TIME,TRANSACTION_MONTH,TRANSACTION_DAY,TRANSACTION_YEAR) values (492,3,31,1,70,'16:33:43','May','02','2024');
Insert into KAPEKWENTO.TRANSACTIONS (TRANSACTION_ID,ORDER_ID,PRODUCT_ID,QUANTITY,PRICE,TRANSACTION_TIME,TRANSACTION_MONTH,TRANSACTION_DAY,TRANSACTION_YEAR) values (501,4,1,1,100,'21:27:56','May','03','2024');
Insert into KAPEKWENTO.TRANSACTIONS (TRANSACTION_ID,ORDER_ID,PRODUCT_ID,QUANTITY,PRICE,TRANSACTION_TIME,TRANSACTION_MONTH,TRANSACTION_DAY,TRANSACTION_YEAR) values (502,4,3,2,180,'21:27:56','May','03','2024');
Insert into KAPEKWENTO.TRANSACTIONS (TRANSACTION_ID,ORDER_ID,PRODUCT_ID,QUANTITY,PRICE,TRANSACTION_TIME,TRANSACTION_MONTH,TRANSACTION_DAY,TRANSACTION_YEAR) values (503,4,5,1,130,'21:27:56','May','03','2024');
Insert into KAPEKWENTO.TRANSACTIONS (TRANSACTION_ID,ORDER_ID,PRODUCT_ID,QUANTITY,PRICE,TRANSACTION_TIME,TRANSACTION_MONTH,TRANSACTION_DAY,TRANSACTION_YEAR) values (504,5,119,1,29,'21:38:24','May','03','2024');
Insert into KAPEKWENTO.TRANSACTIONS (TRANSACTION_ID,ORDER_ID,PRODUCT_ID,QUANTITY,PRICE,TRANSACTION_TIME,TRANSACTION_MONTH,TRANSACTION_DAY,TRANSACTION_YEAR) values (505,6,1,1,100,'21:43:56','May','03','2024');
Insert into KAPEKWENTO.TRANSACTIONS (TRANSACTION_ID,ORDER_ID,PRODUCT_ID,QUANTITY,PRICE,TRANSACTION_TIME,TRANSACTION_MONTH,TRANSACTION_DAY,TRANSACTION_YEAR) values (506,7,120,1,110,'21:52:21','May','03','2024');
Insert into KAPEKWENTO.TRANSACTIONS (TRANSACTION_ID,ORDER_ID,PRODUCT_ID,QUANTITY,PRICE,TRANSACTION_TIME,TRANSACTION_MONTH,TRANSACTION_DAY,TRANSACTION_YEAR) values (481,1,1,2,200,'16:33:23','May','02','2024');
Insert into KAPEKWENTO.TRANSACTIONS (TRANSACTION_ID,ORDER_ID,PRODUCT_ID,QUANTITY,PRICE,TRANSACTION_TIME,TRANSACTION_MONTH,TRANSACTION_DAY,TRANSACTION_YEAR) values (482,1,6,2,200,'16:33:23','May','02','2024');
--------------------------------------------------------
--  DDL for Index LOGS_PK
--------------------------------------------------------

  CREATE UNIQUE INDEX "KAPEKWENTO"."LOGS_PK" ON "KAPEKWENTO"."LOGS" ("LOG_ID") 
  PCTFREE 10 INITRANS 2 MAXTRANS 255 COMPUTE STATISTICS 
  STORAGE(INITIAL 65536 NEXT 1048576 MINEXTENTS 1 MAXEXTENTS 2147483645
  PCTINCREASE 0 FREELISTS 1 FREELIST GROUPS 1 BUFFER_POOL DEFAULT FLASH_CACHE DEFAULT CELL_FLASH_CACHE DEFAULT)
  TABLESPACE "SYSTEM" ;
--------------------------------------------------------
--  DDL for Index INV_LOGS_PK
--------------------------------------------------------

  CREATE UNIQUE INDEX "KAPEKWENTO"."INV_LOGS_PK" ON "KAPEKWENTO"."RAW_LOGS" ("LOG_ID") 
  PCTFREE 10 INITRANS 2 MAXTRANS 255 COMPUTE STATISTICS 
  STORAGE(INITIAL 65536 NEXT 1048576 MINEXTENTS 1 MAXEXTENTS 2147483645
  PCTINCREASE 0 FREELISTS 1 FREELIST GROUPS 1 BUFFER_POOL DEFAULT FLASH_CACHE DEFAULT CELL_FLASH_CACHE DEFAULT)
  TABLESPACE "SYSTEM" ;
--------------------------------------------------------
--  DDL for Index PRODUCT_ING_PK
--------------------------------------------------------

  CREATE UNIQUE INDEX "KAPEKWENTO"."PRODUCT_ING_PK" ON "KAPEKWENTO"."PRODUCT_ING" ("INGREDIENT_ID") 
  PCTFREE 10 INITRANS 2 MAXTRANS 255 COMPUTE STATISTICS 
  STORAGE(INITIAL 65536 NEXT 1048576 MINEXTENTS 1 MAXEXTENTS 2147483645
  PCTINCREASE 0 FREELISTS 1 FREELIST GROUPS 1 BUFFER_POOL DEFAULT FLASH_CACHE DEFAULT CELL_FLASH_CACHE DEFAULT)
  TABLESPACE "SYSTEM" ;
--------------------------------------------------------
--  DDL for Index RAW_LOSS_DAMAGE_PK
--------------------------------------------------------

  CREATE UNIQUE INDEX "KAPEKWENTO"."RAW_LOSS_DAMAGE_PK" ON "KAPEKWENTO"."RAW_LOSS_DAMAGE" ("LOSSDMG_ID") 
  PCTFREE 10 INITRANS 2 MAXTRANS 255 COMPUTE STATISTICS 
  STORAGE(INITIAL 65536 NEXT 1048576 MINEXTENTS 1 MAXEXTENTS 2147483645
  PCTINCREASE 0 FREELISTS 1 FREELIST GROUPS 1 BUFFER_POOL DEFAULT FLASH_CACHE DEFAULT CELL_FLASH_CACHE DEFAULT)
  TABLESPACE "SYSTEM" ;
--------------------------------------------------------
--  DDL for Index TRANSACTIONS_PK
--------------------------------------------------------

  CREATE UNIQUE INDEX "KAPEKWENTO"."TRANSACTIONS_PK" ON "KAPEKWENTO"."TRANSACTIONS" ("TRANSACTION_ID") 
  PCTFREE 10 INITRANS 2 MAXTRANS 255 COMPUTE STATISTICS 
  STORAGE(INITIAL 65536 NEXT 1048576 MINEXTENTS 1 MAXEXTENTS 2147483645
  PCTINCREASE 0 FREELISTS 1 FREELIST GROUPS 1 BUFFER_POOL DEFAULT FLASH_CACHE DEFAULT CELL_FLASH_CACHE DEFAULT)
  TABLESPACE "SYSTEM" ;
--------------------------------------------------------
--  DDL for Index PRODUCTS_PK
--------------------------------------------------------

  CREATE UNIQUE INDEX "KAPEKWENTO"."PRODUCTS_PK" ON "KAPEKWENTO"."PRODUCTS" ("PRODUCT_ID") 
  PCTFREE 10 INITRANS 2 MAXTRANS 255 COMPUTE STATISTICS 
  STORAGE(INITIAL 65536 NEXT 1048576 MINEXTENTS 1 MAXEXTENTS 2147483645
  PCTINCREASE 0 FREELISTS 1 FREELIST GROUPS 1 BUFFER_POOL DEFAULT FLASH_CACHE DEFAULT CELL_FLASH_CACHE DEFAULT)
  TABLESPACE "SYSTEM" ;
--------------------------------------------------------
--  DDL for Index ACCOUNTS_PK
--------------------------------------------------------

  CREATE UNIQUE INDEX "KAPEKWENTO"."ACCOUNTS_PK" ON "KAPEKWENTO"."ACCOUNTS" ("ACCOUNT_ID") 
  PCTFREE 10 INITRANS 2 MAXTRANS 255 COMPUTE STATISTICS 
  STORAGE(INITIAL 65536 NEXT 1048576 MINEXTENTS 1 MAXEXTENTS 2147483645
  PCTINCREASE 0 FREELISTS 1 FREELIST GROUPS 1 BUFFER_POOL DEFAULT FLASH_CACHE DEFAULT CELL_FLASH_CACHE DEFAULT)
  TABLESPACE "SYSTEM" ;
--------------------------------------------------------
--  DDL for Index EXPENSES_PK
--------------------------------------------------------

  CREATE UNIQUE INDEX "KAPEKWENTO"."EXPENSES_PK" ON "KAPEKWENTO"."EXPENSES" ("EXPENSES_ID") 
  PCTFREE 10 INITRANS 2 MAXTRANS 255 COMPUTE STATISTICS 
  STORAGE(INITIAL 65536 NEXT 1048576 MINEXTENTS 1 MAXEXTENTS 2147483645
  PCTINCREASE 0 FREELISTS 1 FREELIST GROUPS 1 BUFFER_POOL DEFAULT FLASH_CACHE DEFAULT CELL_FLASH_CACHE DEFAULT)
  TABLESPACE "SYSTEM" ;
--------------------------------------------------------
--  DDL for Index RAW_MATERIALS_PK
--------------------------------------------------------

  CREATE UNIQUE INDEX "KAPEKWENTO"."RAW_MATERIALS_PK" ON "KAPEKWENTO"."RAW_MATERIALS" ("RAW_ID") 
  PCTFREE 10 INITRANS 2 MAXTRANS 255 COMPUTE STATISTICS 
  STORAGE(INITIAL 65536 NEXT 1048576 MINEXTENTS 1 MAXEXTENTS 2147483645
  PCTINCREASE 0 FREELISTS 1 FREELIST GROUPS 1 BUFFER_POOL DEFAULT FLASH_CACHE DEFAULT CELL_FLASH_CACHE DEFAULT)
  TABLESPACE "SYSTEM" ;
--------------------------------------------------------
--  DDL for Trigger ACCOUNT_ID_BI
--------------------------------------------------------

  CREATE OR REPLACE TRIGGER "KAPEKWENTO"."ACCOUNT_ID_BI" 
BEFORE INSERT ON ACCOUNTS
FOR EACH ROW
BEGIN
  SELECT ACCOUNTS_ID_SEQUENCE.nextval
  INTO :new.ACCOUNT_id
  FROM dual;
END;
/
ALTER TRIGGER "KAPEKWENTO"."ACCOUNT_ID_BI" ENABLE;
--------------------------------------------------------
--  DDL for Trigger EXPENSES_BI
--------------------------------------------------------

  CREATE OR REPLACE TRIGGER "KAPEKWENTO"."EXPENSES_BI" 
BEFORE INSERT ON expenses
FOR EACH ROW
BEGIN
  SELECT expenses_id_seq.nextval
  INTO :new.expenses_id
  FROM dual;
END;
/
ALTER TRIGGER "KAPEKWENTO"."EXPENSES_BI" ENABLE;
--------------------------------------------------------
--  DDL for Trigger INGREDIENT_BI
--------------------------------------------------------

  CREATE OR REPLACE TRIGGER "KAPEKWENTO"."INGREDIENT_BI" 
BEFORE INSERT ON PRODUCT_ING
FOR EACH ROW
BEGIN
  SELECT INGREDIENT_id_seq.nextval
  INTO :new.INGREDIENT_ID
  FROM dual;
END;
/
ALTER TRIGGER "KAPEKWENTO"."INGREDIENT_BI" ENABLE;
--------------------------------------------------------
--  DDL for Trigger LOG_BI
--------------------------------------------------------

  CREATE OR REPLACE TRIGGER "KAPEKWENTO"."LOG_BI" 
BEFORE INSERT ON logs
FOR EACH ROW
BEGIN
  SELECT log_id_seq.nextval
  INTO :new.log_id
  FROM dual;
END;
/
ALTER TRIGGER "KAPEKWENTO"."LOG_BI" ENABLE;
--------------------------------------------------------
--  DDL for Trigger LOSSDMG_BI
--------------------------------------------------------

  CREATE OR REPLACE TRIGGER "KAPEKWENTO"."LOSSDMG_BI" 
BEFORE INSERT ON raw_loss_damage
FOR EACH ROW
BEGIN
  SELECT lossdmg_id_seq.nextval
  INTO :new.lossdmg_id
  FROM dual;
END;

/
ALTER TRIGGER "KAPEKWENTO"."LOSSDMG_BI" ENABLE;
--------------------------------------------------------
--  DDL for Trigger PRODUCT_BI
--------------------------------------------------------

  CREATE OR REPLACE TRIGGER "KAPEKWENTO"."PRODUCT_BI" 
BEFORE INSERT ON PRODUCTS
FOR EACH ROW
BEGIN
  SELECT PRODUCT_id_seq.nextval
  INTO :new.PRODUCT_id
  FROM dual;
END;
/
ALTER TRIGGER "KAPEKWENTO"."PRODUCT_BI" ENABLE;
--------------------------------------------------------
--  DDL for Trigger RAW_BI
--------------------------------------------------------

  CREATE OR REPLACE TRIGGER "KAPEKWENTO"."RAW_BI" 
BEFORE INSERT ON RAW_MATERIALS
FOR EACH ROW
BEGIN
  SELECT RAW_id_seq.nextval
  INTO :new.RAW_id
  FROM dual;
END;
/
ALTER TRIGGER "KAPEKWENTO"."RAW_BI" ENABLE;
--------------------------------------------------------
--  DDL for Trigger RAW_LOG_BI
--------------------------------------------------------

  CREATE OR REPLACE TRIGGER "KAPEKWENTO"."RAW_LOG_BI" 
BEFORE INSERT ON raw_logs
FOR EACH ROW
BEGIN
  SELECT raw_log_id_seq.nextval
  INTO :new.log_id
  FROM dual;
END;
/
ALTER TRIGGER "KAPEKWENTO"."RAW_LOG_BI" ENABLE;
--------------------------------------------------------
--  DDL for Trigger TRANSACTION_BI
--------------------------------------------------------

  CREATE OR REPLACE TRIGGER "KAPEKWENTO"."TRANSACTION_BI" 
BEFORE INSERT ON transactions
FOR EACH ROW
BEGIN
  SELECT transaction_id_seq.nextval
  INTO :new.transaction_id
  FROM dual;
END;
/
ALTER TRIGGER "KAPEKWENTO"."TRANSACTION_BI" ENABLE;
--------------------------------------------------------
--  Constraints for Table PRODUCT_ING
--------------------------------------------------------

  ALTER TABLE "KAPEKWENTO"."PRODUCT_ING" ADD CONSTRAINT "PRODUCT_ING_PK" PRIMARY KEY ("INGREDIENT_ID")
  USING INDEX PCTFREE 10 INITRANS 2 MAXTRANS 255 COMPUTE STATISTICS 
  STORAGE(INITIAL 65536 NEXT 1048576 MINEXTENTS 1 MAXEXTENTS 2147483645
  PCTINCREASE 0 FREELISTS 1 FREELIST GROUPS 1 BUFFER_POOL DEFAULT FLASH_CACHE DEFAULT CELL_FLASH_CACHE DEFAULT)
  TABLESPACE "SYSTEM"  ENABLE;
  ALTER TABLE "KAPEKWENTO"."PRODUCT_ING" MODIFY ("RAW_ID" NOT NULL ENABLE);
  ALTER TABLE "KAPEKWENTO"."PRODUCT_ING" MODIFY ("PRODUCT_ID" NOT NULL ENABLE);
  ALTER TABLE "KAPEKWENTO"."PRODUCT_ING" MODIFY ("INGREDIENT_ID" NOT NULL ENABLE);
--------------------------------------------------------
--  Constraints for Table ACCOUNTS
--------------------------------------------------------

  ALTER TABLE "KAPEKWENTO"."ACCOUNTS" ADD CONSTRAINT "ACCOUNTS_PK" PRIMARY KEY ("ACCOUNT_ID")
  USING INDEX PCTFREE 10 INITRANS 2 MAXTRANS 255 COMPUTE STATISTICS 
  STORAGE(INITIAL 65536 NEXT 1048576 MINEXTENTS 1 MAXEXTENTS 2147483645
  PCTINCREASE 0 FREELISTS 1 FREELIST GROUPS 1 BUFFER_POOL DEFAULT FLASH_CACHE DEFAULT CELL_FLASH_CACHE DEFAULT)
  TABLESPACE "SYSTEM"  ENABLE;
  ALTER TABLE "KAPEKWENTO"."ACCOUNTS" MODIFY ("ACCOUNT_ID" NOT NULL ENABLE);
--------------------------------------------------------
--  Constraints for Table RAW_MATERIALS
--------------------------------------------------------

  ALTER TABLE "KAPEKWENTO"."RAW_MATERIALS" MODIFY ("RAW_ID" NOT NULL ENABLE);
  ALTER TABLE "KAPEKWENTO"."RAW_MATERIALS" ADD CONSTRAINT "RAW_MATERIALS_PK" PRIMARY KEY ("RAW_ID")
  USING INDEX PCTFREE 10 INITRANS 2 MAXTRANS 255 COMPUTE STATISTICS 
  STORAGE(INITIAL 65536 NEXT 1048576 MINEXTENTS 1 MAXEXTENTS 2147483645
  PCTINCREASE 0 FREELISTS 1 FREELIST GROUPS 1 BUFFER_POOL DEFAULT FLASH_CACHE DEFAULT CELL_FLASH_CACHE DEFAULT)
  TABLESPACE "SYSTEM"  ENABLE;
--------------------------------------------------------
--  Constraints for Table EXPENSES
--------------------------------------------------------

  ALTER TABLE "KAPEKWENTO"."EXPENSES" ADD CONSTRAINT "EXPENSES_PK" PRIMARY KEY ("EXPENSES_ID")
  USING INDEX PCTFREE 10 INITRANS 2 MAXTRANS 255 COMPUTE STATISTICS 
  STORAGE(INITIAL 65536 NEXT 1048576 MINEXTENTS 1 MAXEXTENTS 2147483645
  PCTINCREASE 0 FREELISTS 1 FREELIST GROUPS 1 BUFFER_POOL DEFAULT FLASH_CACHE DEFAULT CELL_FLASH_CACHE DEFAULT)
  TABLESPACE "SYSTEM"  ENABLE;
  ALTER TABLE "KAPEKWENTO"."EXPENSES" MODIFY ("EXPENSES_ID" NOT NULL ENABLE);
--------------------------------------------------------
--  Constraints for Table TRANSACTIONS
--------------------------------------------------------

  ALTER TABLE "KAPEKWENTO"."TRANSACTIONS" ADD CONSTRAINT "TRANSACTIONS_PK" PRIMARY KEY ("TRANSACTION_ID")
  USING INDEX PCTFREE 10 INITRANS 2 MAXTRANS 255 COMPUTE STATISTICS 
  STORAGE(INITIAL 65536 NEXT 1048576 MINEXTENTS 1 MAXEXTENTS 2147483645
  PCTINCREASE 0 FREELISTS 1 FREELIST GROUPS 1 BUFFER_POOL DEFAULT FLASH_CACHE DEFAULT CELL_FLASH_CACHE DEFAULT)
  TABLESPACE "SYSTEM"  ENABLE;
  ALTER TABLE "KAPEKWENTO"."TRANSACTIONS" MODIFY ("TRANSACTION_ID" NOT NULL ENABLE);
--------------------------------------------------------
--  Constraints for Table RAW_LOGS
--------------------------------------------------------

  ALTER TABLE "KAPEKWENTO"."RAW_LOGS" MODIFY ("LOG_ID" NOT NULL ENABLE);
  ALTER TABLE "KAPEKWENTO"."RAW_LOGS" ADD CONSTRAINT "INV_LOGS_PK" PRIMARY KEY ("LOG_ID")
  USING INDEX PCTFREE 10 INITRANS 2 MAXTRANS 255 COMPUTE STATISTICS 
  STORAGE(INITIAL 65536 NEXT 1048576 MINEXTENTS 1 MAXEXTENTS 2147483645
  PCTINCREASE 0 FREELISTS 1 FREELIST GROUPS 1 BUFFER_POOL DEFAULT FLASH_CACHE DEFAULT CELL_FLASH_CACHE DEFAULT)
  TABLESPACE "SYSTEM"  ENABLE;
--------------------------------------------------------
--  Constraints for Table LOGS
--------------------------------------------------------

  ALTER TABLE "KAPEKWENTO"."LOGS" ADD CONSTRAINT "LOGS_PK" PRIMARY KEY ("LOG_ID")
  USING INDEX PCTFREE 10 INITRANS 2 MAXTRANS 255 COMPUTE STATISTICS 
  STORAGE(INITIAL 65536 NEXT 1048576 MINEXTENTS 1 MAXEXTENTS 2147483645
  PCTINCREASE 0 FREELISTS 1 FREELIST GROUPS 1 BUFFER_POOL DEFAULT FLASH_CACHE DEFAULT CELL_FLASH_CACHE DEFAULT)
  TABLESPACE "SYSTEM"  ENABLE;
  ALTER TABLE "KAPEKWENTO"."LOGS" MODIFY ("LOG_ID" NOT NULL ENABLE);
--------------------------------------------------------
--  Constraints for Table RAW_LOSS_DAMAGE
--------------------------------------------------------

  ALTER TABLE "KAPEKWENTO"."RAW_LOSS_DAMAGE" MODIFY ("LOSSDMG_ID" NOT NULL ENABLE);
  ALTER TABLE "KAPEKWENTO"."RAW_LOSS_DAMAGE" ADD CONSTRAINT "RAW_LOSS_DAMAGE_PK" PRIMARY KEY ("LOSSDMG_ID")
  USING INDEX PCTFREE 10 INITRANS 2 MAXTRANS 255 COMPUTE STATISTICS 
  STORAGE(INITIAL 65536 NEXT 1048576 MINEXTENTS 1 MAXEXTENTS 2147483645
  PCTINCREASE 0 FREELISTS 1 FREELIST GROUPS 1 BUFFER_POOL DEFAULT FLASH_CACHE DEFAULT CELL_FLASH_CACHE DEFAULT)
  TABLESPACE "SYSTEM"  ENABLE;
--------------------------------------------------------
--  Constraints for Table PRODUCTS
--------------------------------------------------------

  ALTER TABLE "KAPEKWENTO"."PRODUCTS" ADD CONSTRAINT "PRODUCTS_PK" PRIMARY KEY ("PRODUCT_ID")
  USING INDEX PCTFREE 10 INITRANS 2 MAXTRANS 255 COMPUTE STATISTICS 
  STORAGE(INITIAL 65536 NEXT 1048576 MINEXTENTS 1 MAXEXTENTS 2147483645
  PCTINCREASE 0 FREELISTS 1 FREELIST GROUPS 1 BUFFER_POOL DEFAULT FLASH_CACHE DEFAULT CELL_FLASH_CACHE DEFAULT)
  TABLESPACE "SYSTEM"  ENABLE;
  ALTER TABLE "KAPEKWENTO"."PRODUCTS" MODIFY ("PRODUCT_ID" NOT NULL ENABLE);
